#lan,distance,concept1,concept2
236,6.974036693572998,claw,fingernail
124,6.788641929626465,fur,leather
120,4.479564666748047,and,with
110,6.902804374694824,pain,sick
106,6.816299915313721,easy,light
100,4.224839210510254,this,here
96,5.626960754394531,good,beautiful
89,5.94969367980957,clever,wise
89,4.3342790603637695,room,house
86,6.51460075378418,master,host
84,5.693122863769531,near,beside
83,4.946511745452881,stingy,greedy
80,6.522224426269531,catch,trap
77,6.10957145690918,stretch,pull
75,6.846370220184326,good,correct
75,5.29085636138916,we,our
74,5.968400478363037,tie,pull
73,6.225124359130859,land,world
73,4.766749382019043,your,their
71,4.784904956817627,what,who
69,6.61018705368042,earth,country
67,6.79988956451416,voice,language
64,6.799009323120117,study,teach
63,6.733830451965332,count,read
63,6.420101165771484,beard,chin
63,5.4669108390808105,i,my
63,5.281306266784668,ghost,demon
60,6.957798004150391,fire,tree
60,6.83016300201416,big,wide
59,6.719932556152344,dirty,black
55,6.88697624206543,voice,word
55,5.93406867980957,salty,bitter
52,5.474270343780518,granddaughter,niece
51,6.42680025100708,burn,light
51,5.653769016265869,bad,ugly
49,6.85828161239624,breast,nipple
49,6.756515026092529,collar,neck
49,4.973920822143555,take,hold
48,6.680727481842041,flat,smooth
48,6.217501640319824,count,think
48,5.462731838226318,speak,tell
47,4.611632347106934,all,many
47,4.609647274017334,stupid,mad
47,3.245656728744507,how,what
46,6.741889476776123,kiss,suck
46,6.506678581237793,study,read
46,6.2529706954956055,cave,hole
46,6.088531970977783,clear,light
45,6.574820518493652,kettle,pot
45,6.4951653480529785,bitter,sour
44,6.667174816131592,bite,eat
44,5.637980937957764,find,meet
44,4.50130033493042,now,today
42,5.721831798553467,tomorrow,morning
41,6.804714679718018,mountain,stone
41,6.325070858001709,dirty,garbage
41,6.011691093444824,grandmother,grandchild
41,5.969327449798584,big,many
41,5.862298965454102,afterwards,then
41,5.505173683166504,which,who
40,6.142248630523682,count,amount
40,5.508397102355957,love,want
39,6.933584690093994,split,chop
38,6.47311544418335,book,letter
37,5.309786796569824,late,afternoon
35,6.529489994049072,edge,fringe
35,5.021589756011963,they,you
35,4.78518009185791,hear,know
34,6.809338569641113,carry,lead
34,6.561772346496582,call,invite
34,6.277583599090576,kill,strike
34,4.653107643127441,feel,know
34,3.8959577083587646,see,know
33,6.864274501800537,wrong,guilty
33,6.367728233337402,time,season
33,6.111469268798828,defend,preserve
31,6.277106761932373,i,we
31,6.152032852172852,cut,kill
31,5.899165153503418,that,he
31,5.8187642097473145,piss,shit
31,4.714903831481934,find,see
30,6.901613235473633,coconut,water
30,6.779269218444824,feather,fur
30,6.452280521392822,jaw,cheek
30,5.508447647094727,walk,leave
29,6.727427005767822,fast,soon
29,6.227319240570068,grandfather,grandchild
29,6.19438362121582,become,happen
29,5.9572649002075195,country,world
29,3.8151726722717285,cousin,brother
28,6.986064434051514,bow,arch
28,6.742786884307861,small,young
28,6.712179660797119,feather,leaf
28,6.491364002227783,leg,bone
28,6.084850311279297,stove,fireplace
27,6.703028202056885,wing,leaf
27,6.363883018493652,push,refuse
27,6.246145725250244,father-in-law,son-in-law
26,6.962031841278076,wind,cold
26,6.417926788330078,accuse,condemn
26,5.321825981140137,believe,think
25,6.895234107971191,frost,cold
25,6.099871635437012,edge,end
24,6.918965816497803,sink,dive
24,6.810090065002441,dust,fog
24,6.799228668212891,word,book
24,6.742817401885986,measure,count
24,6.674015998840332,daughter-in-law,son-in-law
24,6.4573235511779785,cheap,easy
24,6.413416862487793,cousin,sibling
24,6.355866432189941,high,long
24,5.562160491943359,soul,heart
24,5.022976398468018,wrong,fault
23,6.955130100250244,spit,vomit
23,6.674015998840332,son-in-law,daughter-in-law
23,6.220874786376953,talk,chat
23,5.945779323577881,granddaughter,nephew
23,5.869134902954102,turn,change
23,5.609221935272217,hear,feel
23,4.847526550292969,see,meet
22,6.931637763977051,fish,five
22,5.60666561126709,try,check
22,5.5155110359191895,guess,seem
22,5.20708703994751,cooked,cook
22,4.9489827156066895,my,our
21,6.914668560028076,village,country
21,6.887979030609131,twist,squeeze
21,6.7717437744140625,keep,guard
21,6.674015998840332,daughter-in-law,son-in-law
21,6.59076452255249,good,healthy
21,6.295624256134033,sway,swing
21,6.017467975616455,straight,smooth
21,5.87286901473999,flat,straight
21,5.687072277069092,daughter,woman
21,4.69667387008667,many,enough
21,3.4162232875823975,cousin,sister
20,6.661251544952393,happy,like
20,5.632880210876465,grandson,niece
20,5.415473937988281,fish,meat
19,6.847601413726807,wife,female
19,6.809411525726318,lead,drive
19,6.537526607513428,wrap,fold
19,6.409226417541504,suck,pull
19,6.381274223327637,teach,read
19,6.176366806030273,emerge,visible
19,6.168379306793213,early,three
19,5.9514851570129395,bake,fry
19,5.832354545593262,only,alone
19,4.4899749755859375,uncle,brother
18,6.713415145874023,carry,get
18,6.58367395401001,light,burning
18,6.582635879516602,bury,hide
18,6.560220718383789,inside,at
18,6.389934062957764,behind,afterwards
18,6.365566730499268,late,slow
18,6.0469512939453125,similar,seem
18,5.761940956115723,belt,strap
18,4.89905309677124,give,put
17,6.942048072814941,feather,wool
17,6.92302131652832,ground,country
17,6.918076992034912,summit,tip
17,6.629645347595215,wing,arm
17,6.370009899139404,salty,sour
17,6.098389625549316,jump,dance
17,6.063185691833496,correct,yes
17,5.13918399810791,want,like
16,6.928004264831543,grief,anxiety
16,6.907279014587402,copper,iron
16,6.876267433166504,accuse,convict
16,6.748810768127441,pull,lead
16,6.705077171325684,weak,lazy
16,6.662938594818115,walk,come
16,6.074089527130127,roll,wrap
16,6.039525032043457,keep,own
16,5.609264850616455,steal,hide
16,5.241747856140137,mother-in-law,daughter-in-law
16,4.794074058532715,our,your
16,4.375595569610596,aunt,sister
15,6.954756259918213,wheat,barley
15,6.926305294036865,grief,regret
15,6.825342178344727,clean,good
15,6.802502155303955,cold,fresh
15,6.674015998840332,son-in-law,daughter-in-law
15,6.659627437591553,prisoner,prison
15,6.445568561553955,forest,grass
15,6.420492172241211,drink,smoke
15,6.331984043121338,many,full
15,6.269353866577148,want,ask
15,6.246145725250244,father-in-law,son-in-law
15,6.159830093383789,grandmother,mother-in-law
15,6.107903957366943,big,fat
15,6.040660381317139,head,end
15,5.8115057945251465,fight,kill
15,5.78745698928833,thief,steal
15,5.282433032989502,late,after
15,5.265900611877441,again,and
14,6.938862323760986,clean,white
14,6.9084391593933105,flow,walk
14,6.719289779663086,cloak,coat
14,6.652946472167969,mother,your
14,6.6319966316223145,rule,command
14,6.602935791015625,rule,lead
14,6.409051895141602,edge,top
14,6.399246692657471,play,dance
14,6.394771099090576,help,rescue
14,6.384448528289795,carry,buy
14,6.246145725250244,father-in-law,son-in-law
14,6.20734977722168,far,that
14,6.108982563018799,lift,take
14,6.097961902618408,knock,beat
14,5.950466632843018,dirty,ugly
14,5.931768417358398,grandfather,father-in-law
14,5.579743385314941,scabies,ringworm
14,5.291772842407227,feel,understand
14,5.282956123352051,explain,say
14,5.241747856140137,mother-in-law,daughter-in-law
14,5.241747856140137,daughter-in-law,mother-in-law
14,4.9716973304748535,hear,think
14,4.656179428100586,father-in-law,mother-in-law
14,4.376605033874512,where,which
14,4.270521640777588,because,if
13,6.9557600021362305,rise,stand
13,6.922600269317627,blood,meat
13,6.898797988891602,say,language
13,6.895234107971191,frost,cold
13,6.855969429016113,towel,rag
13,6.774576187133789,ask,listen
13,6.716115951538086,lift,build
13,6.662613391876221,enter,set
13,6.6287007331848145,give,do
13,6.588371753692627,feel,smell
13,6.5482330322265625,neck,bone
13,6.53503942489624,go,ride
13,6.4797163009643555,person,husband
13,6.434886932373047,top,end
13,6.42041015625,feel,learn
13,6.394437789916992,banyan,fig
13,6.18826961517334,cotton,thread
13,6.181331157684326,weak,tired
13,6.107903957366943,big,fat
13,6.104111671447754,last,behind
13,5.965519905090332,whale,shark
13,5.636984825134277,look,old
13,5.597322940826416,certain,correct
13,5.387430191040039,daughter-in-law,father-in-law
13,5.306286334991455,aunt,mother
13,5.29085636138916,we,our
13,5.137392520904541,how,which
12,6.991353988647461,price,wages
12,6.976414680480957,mud,swamp
12,6.889931678771973,line,thread
12,6.8629069328308105,relatives,brother
12,6.797924041748047,relatives,sibling
12,6.7894206047058105,fruit,meat
12,6.770064353942871,cloud,storm
12,6.759189128875732,ash,white
12,6.716559886932373,end,fringe
12,6.7029290199279785,groan,shriek
12,6.689903736114502,master,teacher
12,6.622894763946533,mother-in-law,son-in-law
12,6.60548734664917,take,mouth
12,6.597111225128174,thing,tool
12,6.521368980407715,refuse,forbid
12,6.42637300491333,rule,own
12,6.409151077270508,twist,wrap
12,6.380987644195557,river,sea
12,6.246145725250244,son-in-law,father-in-law
12,6.194849967956543,call,ask
12,6.170312404632568,name,one
12,6.145903587341309,leave,drive
12,6.119328498840332,stone,hill
12,6.070872783660889,big,old
12,6.010412216186523,shoot,pull
12,5.931768417358398,father-in-law,grandfather
12,5.885448455810547,get,own
12,5.276660919189453,black,green
12,5.241747856140137,mother-in-law,daughter-in-law
12,4.965924263000488,yellow,white
12,4.7492218017578125,blue,black
12,4.714410305023193,explain,tell
12,3.979388952255249,how,where
11,6.869945049285889,say,burn
11,6.848696708679199,taste,hear
11,6.834697723388672,this,he
11,6.741511344909668,destroy,damage
11,6.4681925773620605,high,big
11,6.454622745513916,have,in
11,6.436010360717773,board,floor
11,6.278725624084473,bruise,scar
11,6.159830093383789,grandmother,mother-in-law
11,5.945539951324463,straight,good
11,5.927318572998047,answer,promise
11,5.701746940612793,give,hear
11,5.609221935272217,hear,feel
11,5.52138090133667,pay,sell
11,4.836184501647949,now,soon
11,4.764716625213623,bring,give
11,4.339713096618652,our,their
11,4.337756633758545,now,this
11,4.069286823272705,my,your
10,6.970246315002441,know,study
10,6.954631328582764,yam,yes
10,6.931393146514893,early,immediately
10,6.918929100036621,inside,stomach
10,6.890669822692871,mother,female
10,6.859447956085205,dark,blind
10,6.779850482940674,shoot,strike
10,6.7734856605529785,tool,weapons
10,6.767345905303955,weigh,count
10,6.716038703918457,envy,doubt
10,6.690850257873535,father,father-in-law
10,6.6222243309021,sick,body
10,6.588091850280762,stick,tree
10,6.545038223266602,shake,swing
10,6.544033050537109,country,area
10,6.443819999694824,rub,wash
10,6.430805683135986,short,few
10,6.377707481384277,suck,eat
10,6.277106761932373,i,we
10,6.21461820602417,fingernail,nail
10,6.142383575439453,hold,get
10,6.040384769439697,shine,light
10,5.927353382110596,copper,steel
10,5.916496753692627,get,meet
10,5.9036946296691895,forest,mountain
10,5.877512454986572,give,my
10,5.83693790435791,push,squeeze
10,5.597496032714844,day,world
10,5.47625207901001,bright,yellow
10,5.450325012207031,where,from
10,5.414145469665527,good,sweet
10,5.389247894287109,yesterday,year
10,5.374922752380371,tired,lazy
10,5.29085636138916,our,we
10,5.137197017669678,jump,run
10,4.836082935333252,what,yes
10,4.656179428100586,father-in-law,mother-in-law
10,4.6308979988098145,get,see
9,6.96835994720459,razor,knife
9,6.9477219581604,pus,rotten
9,6.937028884887695,leaf,cut
9,6.905419826507568,suck,squeeze
9,6.832408905029297,father-in-law,uncle
9,6.826481342315674,pull,tear
9,6.812124729156494,stupid,mute
9,6.8048834800720215,swim,splash
9,6.7590484619140625,host,husband
9,6.7577691078186035,fault,guilty
9,6.745800495147705,house,five
9,6.696847438812256,relatives,sister
9,6.6960248947143555,mountain,island
9,6.632286071777344,give,drink
9,6.602200984954834,jaguar,puma
9,6.572843074798584,relatives,cousin
9,6.49739933013916,dark,dirty
9,6.394622802734375,ground,area
9,6.359957695007324,separate,choose
9,6.306044101715088,claw,hoof
9,6.282480716705322,wet,cold
9,6.230181694030762,fire,hell
9,6.1405181884765625,feel,listen
9,6.064970016479492,weak,sick
9,5.8807597160339355,straight,stupid
9,5.86752986907959,old,before
9,5.857517719268799,front,before
9,5.69038724899292,kick,push
9,5.637507438659668,more,again
9,5.42919921875,explain,speak
9,5.302704811096191,thing,some
9,5.166055202484131,dolphin,shark
9,5.102133750915527,blue,grey
9,4.870815753936768,grandmother,mother
9,4.849704265594482,hear,see
9,4.557281494140625,grandmother,aunt
8,6.98279333114624,hour,season
8,6.973480224609375,explain,announce
8,6.958128929138184,mother,mother-in-law
8,6.943995952606201,mouth,yes
8,6.934054374694824,hit,pound
8,6.926859378814697,send,drive
8,6.884298801422119,old,former
8,6.851663112640381,bamboo,flute
8,6.773242473602295,jug,cup
8,6.750010013580322,voice,speech
8,6.741885662078857,long,bed
8,6.737204551696777,sky,world
8,6.733060359954834,bright,clean
8,6.6978020668029785,tie,kill
8,6.690850257873535,father-in-law,father
8,6.676663875579834,club,post
8,6.665777683258057,sit,be
8,6.638904571533203,broken,split
8,6.622894763946533,mother-in-law,son-in-law
8,6.587686061859131,cold,mad
8,6.586641788482666,splash,dive
8,6.548486709594727,enough,crowd
8,6.546805381774902,head,tip
8,6.53655481338501,new,green
8,6.531283855438232,we,three
8,6.506106376647949,near,year
8,6.464269161224365,cattle,sheep
8,6.44507360458374,hold,buy
8,6.434613227844238,fall,go
8,6.425861358642578,year,winter
8,6.403526782989502,say,promise
8,6.371055603027344,hunt,catch
8,6.325463771820068,tell,preach
8,6.318938732147217,bottom,end
8,6.313262462615967,hate,refuse
8,6.3020172119140625,taste,feel
8,6.275063514709473,shake,mix
8,6.241678714752197,tie,wrap
8,6.179281711578369,pimple,ulcer
8,6.1022868156433105,at,with
8,6.070872783660889,big,old
8,6.048096656799316,daughter,boy
8,6.039146423339844,give,i
8,6.033724784851074,what,their
8,5.976995944976807,year,six
8,5.968758583068848,all,until
8,5.86752986907959,old,before
8,5.837854862213135,season,year
8,5.781870365142822,know,admit
8,5.748188018798828,cheek,chin
8,5.629851341247559,elbow,wrist
8,5.186296463012695,who,person
8,4.977765083312988,true,yes
8,4.656179428100586,mother-in-law,father-in-law
7,6.980091571807861,rule,drive
7,6.96835994720459,razor,knife
7,6.95975923538208,claw,finger
7,6.931004524230957,eagle,stone
7,6.855014324188232,sky,top
7,6.839823246002197,light,world
7,6.776576995849609,big,mother
7,6.724792003631592,catch,scratch
7,6.686399459838867,boat,raft
7,6.672423362731934,carry,send
7,6.668224811553955,burn,shine
7,6.667789459228516,nut,fruit
7,6.657260417938232,six,child
7,6.650404453277588,twist,braid
7,6.622036457061768,again,in
7,6.60816764831543,mouth,mother
7,6.580926895141602,take,borrow
7,6.545038223266602,shake,swing
7,6.503492832183838,flower,red
7,6.488407135009766,canoe,raft
7,6.456053256988525,defend,forbid
7,6.452079772949219,send,order
7,6.446681022644043,fire,red
7,6.436391353607178,call,read
7,6.4310197830200195,grass,leaf
7,6.4135966300964355,leave,disappear
7,6.379636287689209,mind,spirit
7,6.374305248260498,eat,there
7,6.320706844329834,nephew,child
7,6.2777791023254395,leg,neck
7,6.242225170135498,have,learn
7,6.2052788734436035,carry,drive
7,6.1437273025512695,pay,wages
7,6.099871635437012,edge,end
7,6.088679790496826,teach,preach
7,6.08396053314209,midday,afternoon
7,6.069703102111816,inside,bottom
7,6.0450029373168945,kill,stab
7,5.9039459228515625,finger,arm
7,5.874119758605957,take,choose
7,5.855316638946533,lick,suck
7,5.836177825927734,go,last
7,5.827591896057129,break,split
7,5.764277458190918,town,home
7,5.742539405822754,new,good
7,5.6912946701049805,know,kill
7,5.684597969055176,look,check
7,5.663506031036377,count,guess
7,5.647073268890381,all,whole
7,5.499897480010986,some,one
7,5.499776363372803,last,late
7,5.460725784301758,see,understand
7,5.41943359375,love,good
7,5.418583393096924,late,night
7,5.357361793518066,stepfather,father-in-law
7,5.279906272888184,beat,play
7,5.273795127868652,girl,baby
7,5.255001544952393,few,one
7,5.251015663146973,see,we
7,5.209469318389893,if,yes
7,5.096455097198486,thing,work
7,4.867767333984375,grandson,grandfather
7,4.7030348777771,that,she
7,4.686824798583984,again,still
7,4.634734630584717,because,what
7,4.366304874420166,this,there
7,4.273714542388916,brother,friend
7,4.223766803741455,you,that
6,6.9947662353515625,weigh,scales
6,6.987977504730225,braid,hair
6,6.948686122894287,clever,know
6,6.936208724975586,deep,black
6,6.902270793914795,claw,hand
6,6.892916202545166,side,ditch
6,6.890669822692871,mother,female
6,6.8887553215026855,cover,close
6,6.844456195831299,eye,green
6,6.843529224395752,vegetables,grass
6,6.841179847717285,house,in
6,6.834516525268555,bean,pea
6,6.789644241333008,place,husband
6,6.770306587219238,pair,twins
6,6.752540588378906,leave,ride
6,6.749072074890137,leave,retreat
6,6.747811794281006,aunt,mother-in-law
6,6.746912002563477,jaw,mouth
6,6.732989311218262,jog,swing
6,6.71798849105835,time,sun
6,6.7122039794921875,wash,house
6,6.709913730621338,give,eye
6,6.698840141296387,climb,crawl
6,6.688586711883545,market,sunday
6,6.685982704162598,carry,hear
6,6.683975696563721,summer,warm
6,6.677679061889648,season,day
6,6.648935317993164,burn,fill
6,6.64345121383667,stand,last
6,6.640703201293945,burn,shoot
6,6.639565944671631,voice,say
6,6.638063907623291,push,grind
6,6.631913661956787,take,marry
6,6.622894763946533,mother-in-law,son-in-law
6,6.6088032722473145,fruit,harvest
6,6.6059722900390625,promise,bless
6,6.578451156616211,sink,drown
6,6.557636737823486,pig,tail
6,6.548254013061523,fight,shoot
6,6.536068916320801,master,own
6,6.520308494567871,roll,fold
6,6.512275218963623,sick,listen
6,6.506596565246582,in,with
6,6.505092144012451,explain,preach
6,6.4999566078186035,leave,separate
6,6.484216690063477,low,small
6,6.484111785888672,close,fill
6,6.463860034942627,pipe,pot
6,6.452547550201416,new,white
6,6.4452409744262695,shoot,stab
6,6.428310394287109,deaf,mute
6,6.417672157287598,remain,become
6,6.417442321777344,believe,admit
6,6.388462066650391,shelf,table
6,6.374477863311768,small,some
6,6.365597248077393,between,gap
6,6.360287189483643,put,cook
6,6.342825889587402,mind,meaning
6,6.316498279571533,give,marry
6,6.276083946228027,speak,preach
6,6.26558256149292,blood,water
6,6.237186908721924,middle,gap
6,6.230062484741211,pay,answer
6,6.221767902374268,see,house
6,6.21188497543335,stepmother,mother-in-law
6,6.21188497543335,mother-in-law,stepmother
6,6.198875427246094,grief,pity
6,6.185462951660156,carry,pull
6,6.169384956359863,grow,become
6,6.162744045257568,come,give
6,6.1350884437561035,rub,squeeze
6,6.130128860473633,change,answer
6,6.116785049438477,more,often
6,6.11602258682251,see,seem
6,6.090601921081543,our,yes
6,6.023615837097168,wash,wipe
6,6.020448207855225,springtime,autumn
6,6.017761707305908,blow,shoot
6,6.001143455505371,lung,liver
6,5.987366676330566,big,more
6,5.971504211425781,say,i
6,5.926884651184082,mistake,blame
6,5.923866271972656,thing,word
6,5.91585111618042,carry,give
6,5.911699295043945,place,time
6,5.856301784515381,ready,good
6,5.830874919891357,here,at
6,5.791308879852295,shirt,skirt
6,5.785374164581299,mason,carpenter
6,5.72723913192749,parents,relatives
6,5.662328720092773,speak,answer
6,5.636435031890869,hole,inside
6,5.626784801483154,behind,outside
6,5.624485015869141,my,their
6,5.543613910675049,teach,tell
6,5.528167724609375,two,with
6,5.505530834197998,new,now
6,5.473604679107666,give,yes
6,5.439040184020996,immediately,suddenly
6,5.387430191040039,father-in-law,daughter-in-law
6,5.360162734985352,many,not
6,5.357361793518066,father-in-law,stepfather
6,5.26500940322876,and,where
6,5.135210037231445,other,next
6,5.067699909210205,move,leave
6,5.053009510040283,grandfather,father
6,4.999253273010254,more,enough
6,4.984649181365967,give,say
6,4.850444316864014,bad,sick
6,4.766749382019043,your,their
6,4.656179428100586,father-in-law,mother-in-law
6,4.142117500305176,last,after
6,4.0983781814575195,few,two
6,4.069286823272705,my,your
6,3.8019938468933105,tell,talk
6,2.7664246559143066,know,think
5,6.999207973480225,hold,build
5,6.998813152313232,your,child
5,6.979904651641846,surprised,fear
5,6.9718828201293945,uncle,sibling
5,6.964030742645264,forbid,prevent
5,6.962809085845947,shout,word
5,6.961684226989746,short,round
5,6.958128929138184,mother-in-law,mother
5,6.958128929138184,mother,mother-in-law
5,6.946879863739014,push,wipe
5,6.942259311676025,horn,pull
5,6.930743217468262,house,eat
5,6.930323123931885,eat,smoke
5,6.919514179229736,cry,vomit
5,6.908638000488281,fire,not
5,6.907130718231201,rain,day
5,6.905682563781738,side,rib
5,6.898029804229736,aunt,sibling
5,6.8979692459106445,clothes,skirt
5,6.894769668579102,car,cart
5,6.875367164611816,flame,red
5,6.873553276062012,hear,ask
5,6.862449645996094,grandson,descendants
5,6.858031749725342,share,steal
5,6.847720623016357,give,honey
5,6.842027187347412,put,fold
5,6.832408905029297,uncle,father-in-law
5,6.830564975738525,want,do
5,6.821457386016846,wind,winter
5,6.820246696472168,show,seem
5,6.8114142417907715,want,speak
5,6.8012847900390625,take,fell
5,6.783425331115723,bad,damage
5,6.771324157714844,fish,mother
5,6.770513534545898,plain,smooth
5,6.727705478668213,plain,place
5,6.71189022064209,weave,cut
5,6.690153121948242,six,fir
5,6.6875457763671875,push,urge
5,6.6810808181762695,lift,weigh
5,6.679512023925781,relatives,friend
5,6.675140857696533,round,lead
5,6.664592266082764,village,island
5,6.6419878005981445,rotten,cabbage
5,6.64111852645874,small,thin
5,6.637749195098877,slow,quiet
5,6.626558303833008,few,owe
5,6.623705863952637,walk,cut
5,6.623030185699463,temples,temple
5,6.613120079040527,write,drop
5,6.6014404296875,sword,scythe
5,6.588371753692627,smell,feel
5,6.587544918060303,see,eat
5,6.576552867889404,push,wing
5,6.5714287757873535,get,choose
5,6.5699992179870605,wrong,miss
5,6.551196098327637,hour,hit
5,6.548854827880859,few,young
5,6.5389838218688965,who,head
5,6.529730319976807,bone,stick
5,6.513576030731201,blame,strange
5,6.511496067047119,kill,hide
5,6.492486000061035,room,family
5,6.492473602294922,bay,port
5,6.492220878601074,ghost,old
5,6.486392498016357,vegetables,cabbage
5,6.48592472076416,claw,fork
5,6.4801249504089355,corpse,flesh
5,6.477960109710693,head,roof
5,6.477248191833496,hear,name
5,6.467774391174316,edge,beside
5,6.463573455810547,outside,up
5,6.451589107513428,come,yes
5,6.442574501037598,beard,hair
5,6.430281162261963,hold,rule
5,6.423309326171875,old,husband
5,6.411098957061768,mother,this
5,6.409054756164551,pull,kill
5,6.40426778793335,piss,kill
5,6.396557807922363,stepfather,father
5,6.377987384796143,come,say
5,6.37091588973999,see,cut
5,6.370304107666016,story,message
5,6.3702287673950195,move,change
5,6.367738723754883,throw,know
5,6.366774559020996,right,eat
5,6.345279216766357,wine,beverage
5,6.327025890350342,enemy,battle
5,6.319339275360107,grass,cut
5,6.313236713409424,sit,eat
5,6.270130634307861,pull,steal
5,6.222693920135498,where,back
5,6.217724323272705,path,journey
5,6.204368591308594,corpse,ghost
5,6.183835029602051,i,be
5,6.16337251663208,cost,cut
5,6.130290508270264,become,own
5,6.125767230987549,bottom,down
5,6.113417148590088,hold,fight
5,6.088531970977783,light,clear
5,6.063911437988281,old,not
5,6.058063507080078,cut,break
5,5.959192752838135,grandfather,uncle
5,5.9003729820251465,corner,end
5,5.8298797607421875,flower,colorful
5,5.810678482055664,hunt,kill
5,5.802772045135498,my,yes
5,5.712666988372803,feel,try
5,5.6420111656188965,they,two
5,5.62199592590332,work,make
5,5.611666679382324,buy,want
5,5.609264850616455,hide,steal
5,5.597179889678955,fault,cause
5,5.565742492675781,long,straight
5,5.550986289978027,ancestors,descendants
5,5.539326190948486,give,see
5,5.48275899887085,beautiful,sweet
5,5.465317726135254,grandfather,grandparents
5,5.400815963745117,give,here
5,5.317957401275635,many,five
5,5.317719459533691,coconut,mango
5,5.31065559387207,have,i
5,5.304516792297363,what,we
5,5.255120754241943,husband,friend
5,5.133057594299316,take,work
5,4.890707492828369,nephew,uncle
5,4.879639625549316,what,one
5,4.868650913238525,because,how
5,4.762139320373535,daughter,nephew
5,4.597505569458008,praise,worship
5,4.520330905914307,sick,tired
5,4.476768970489502,guess,remember
5,4.293998718261719,take,need
5,4.2373046875,how,when
5,4.079246997833252,know,guess
5,4.0732293128967285,see,think
5,4.049613952636719,say,think
5,3.9395411014556885,they,that
5,3.886488676071167,sister,friend
4,7.002270698547363,word,behind
4,6.9927239418029785,rain,ground
4,6.991196632385254,god,king
4,6.9883270263671875,horn,suck
4,6.987412929534912,fever,disease
4,6.984066009521484,flat,hair
4,6.983281135559082,earth,heart
4,6.980924129486084,i,our
4,6.9803466796875,bruise,itch
4,6.979628562927246,and,eye
4,6.9790143966674805,cry,ask
4,6.968331813812256,buy,catch
4,6.966317653656006,foot,bone
4,6.9560441970825195,stand,mouth
4,6.956019401550293,who,at
4,6.955338001251221,suck,smell
4,6.954917907714844,mother,eat
4,6.953615665435791,spit,wash
4,6.951049327850342,pus,crow
4,6.947280406951904,axe,iron
4,6.944546699523926,meal,right
4,6.94426155090332,vulture,crow
4,6.927372932434082,swim,wash
4,6.9261651039123535,full,hear
4,6.925473213195801,cloud,ground
4,6.922612190246582,dust,dirty
4,6.921452522277832,stand,tree
4,6.92123556137085,who,in
4,6.920505523681641,board,tree
4,6.915445327758789,language,message
4,6.915075778961182,part,peace
4,6.914328098297119,jaw,lip
4,6.90937614440918,i,house
4,6.909061908721924,top,heaven
4,6.908938407897949,horse,old
4,6.900968074798584,forest,yesterday
4,6.900895595550537,blow,drive
4,6.896570205688477,dawn,bright
4,6.889564037322998,bone,meat
4,6.879177093505859,understand,study
4,6.878687858581543,hook,fork
4,6.876709938049316,blood,salt
4,6.876552104949951,field,world
4,6.876103401184082,hear,sing
4,6.8753132820129395,promise,ground
4,6.875085353851318,buy,ask
4,6.87306547164917,body,two
4,6.859679698944092,grandson,child
4,6.857167720794678,nut,bean
4,6.852999210357666,early,often
4,6.851758003234863,jump,scrape
4,6.8462371826171875,flat,dish
4,6.837168216705322,shut,fart
4,6.828263282775879,wing,hand
4,6.825468063354492,fall,kill
4,6.820469856262207,wound,damage
4,6.810770034790039,roof,handle
4,6.807275295257568,guilty,defendant
4,6.802859306335449,where,pocket
4,6.80247163772583,head,bone
4,6.801584243774414,egg,flour
4,6.795685768127441,slow,soft
4,6.793203353881836,rib,chest
4,6.792651176452637,immediately,together
4,6.790140151977539,fight,you
4,6.789246559143066,breast,bone
4,6.788823127746582,tiger,sign
4,6.788788795471191,slow,sweet
4,6.783702373504639,build,plant
4,6.780364036560059,throw,stab
4,6.77752685546875,yard,outside
4,6.773234844207764,borrow,wash
4,6.769796371459961,age,life
4,6.765803337097168,hook,peg
4,6.75979471206665,letter,postcard
4,6.755444526672363,feed,raise
4,6.752439022064209,mouth,penis
4,6.750409126281738,similar,manner
4,6.740970134735107,coat,poncho
4,6.739429950714111,say,fly
4,6.7391357421875,count,teach
4,6.728929042816162,eat,that
4,6.722721576690674,turn,mix
4,6.716559886932373,end,fringe
4,6.713580131530762,count,learn
4,6.7128777503967285,give,sacrifice
4,6.712352752685547,edge,part
4,6.702788829803467,take,smoke
4,6.697889804840088,dew,ice
4,6.695231914520264,south,right
4,6.682428359985352,until,back
4,6.680481433868408,sun,eye
4,6.677576065063477,catch,own
4,6.671220779418945,shine,seem
4,6.665687084197998,coconut,green
4,6.662481307983398,yam,lime
4,6.661211967468262,breast,meat
4,6.660385608673096,speak,ask
4,6.650312423706055,what,eat
4,6.64080286026001,take,hunt
4,6.640476703643799,sit,cook
4,6.635721683502197,and,four
4,6.631913661956787,take,marry
4,6.623222827911377,say,fat
4,6.622894763946533,son-in-law,mother-in-law
4,6.621207237243652,feather,sword
4,6.618116855621338,they,at
4,6.6163763999938965,bite,pull
4,6.605411529541016,chin,lip
4,6.604487419128418,high,new
4,6.599316120147705,hour,sun
4,6.596574783325195,fight,hit
4,6.59605073928833,knife,stick
4,6.584094524383545,pull,other
4,6.581328392028809,small,red
4,6.571282386779785,hold,work
4,6.571229457855225,south,left
4,6.571226119995117,have,sit
4,6.560920715332031,cause,post
4,6.556286811828613,grow,happen
4,6.551728248596191,this,child
4,6.547994613647461,short,yesterday
4,6.542534351348877,cooked,yam
4,6.5379228591918945,own,happen
4,6.536586761474609,deep,few
4,6.534486770629883,harvest,autumn
4,6.532781600952148,story,conversation
4,6.5315728187561035,eat,not
4,6.530182838439941,sun,ground
4,6.519468784332275,crocodile,lizard
4,6.504991054534912,where,eat
4,6.496277809143066,rub,arm
4,6.477717399597168,sit,kill
4,6.476998329162598,answer,admit
4,6.460935592651367,shoot,field
4,6.454695224761963,notice,recognize
4,6.44467306137085,water,juice
4,6.44447660446167,hit,knock
4,6.443179607391357,big,king
4,6.442407608032227,new,news
4,6.429947853088379,right,strong
4,6.429222583770752,shit,pull
4,6.4136457443237305,hole,room
4,6.404675006866455,sand,land
4,6.400777339935303,throw,see
4,6.394046783447266,kid,summer
4,6.385585308074951,hand,chair
4,6.380185604095459,true,until
4,6.3790106773376465,breadfruit,jackfruit
4,6.3596014976501465,yam,potato
4,6.3588666915893555,near,long
4,6.353165149688721,bad,your
4,6.348666191101074,pinch,rub
4,6.344985008239746,carry,drag
4,6.324438571929932,head,knee
4,6.320706844329834,nephew,child
4,6.313089847564697,leg,toe
4,6.309507369995117,this,at
4,6.297618865966797,niece,child
4,6.295624256134033,sway,swing
4,6.293734550476074,look,red
4,6.288798809051514,stand,they
4,6.277106761932373,i,we
4,6.275412082672119,carry,catch
4,6.26406192779541,flow,blow
4,6.263240814208984,soft,sweet
4,6.252978801727295,sway,budge
4,6.246921062469482,eat,think
4,6.246341228485107,give,their
4,6.24111270904541,who,kill
4,6.217501640319824,count,think
4,6.217266082763672,send,push
4,6.174659252166748,stepdaughter,daughter-in-law
4,6.174659252166748,daughter-in-law,stepdaughter
4,6.158388137817383,give,borrow
4,6.144374847412109,sit,hear
4,6.135961055755615,beech,oak
4,6.126680850982666,snow,fog
4,6.126215934753418,borrow,owe
4,6.119100570678711,mother,one
4,6.111084938049316,wife,family
4,6.093756198883057,be,our
4,6.086733818054199,hold,defend
4,6.081065654754639,bad,white
4,6.077216625213623,push,shoot
4,6.07529878616333,name,sister
4,6.058063507080078,cut,break
4,6.051539897918701,get,cut
4,6.048360347747803,always,last
4,6.047298908233643,near,soon
4,6.03188419342041,person,they
4,6.02178430557251,blow,whistle
4,6.021493911743164,you,our
4,6.019601345062256,give,far
4,6.0030517578125,know,teach
4,6.000601291656494,fry,roast
4,6.00011682510376,see,kill
4,5.995593547821045,big,enough
4,5.993836879730225,get,help
4,5.9795684814453125,wet,dirty
4,5.979444980621338,give,our
4,5.97896671295166,push,knock
4,5.969980239868164,light,red
4,5.968681335449219,take,lead
4,5.961897373199463,deny,hide
4,5.938945770263672,near,two
4,5.93710994720459,new,again
4,5.931768417358398,grandfather,father-in-law
4,5.92846155166626,envy,jealous
4,5.921604633331299,look,try
4,5.920921802520752,forgive,forget
4,5.914828777313232,give,your
4,5.912768840789795,push,drag
4,5.888848781585693,give,mother
4,5.888774394989014,give,big
4,5.888235092163086,bring,drive
4,5.860008239746094,look,understand
4,5.837615489959717,give,stand
4,5.80902099609375,roll,round
4,5.799854278564453,laugh,think
4,5.796871662139893,good,dear
4,5.779894828796387,bring,catch
4,5.7657060623168945,people,world
4,5.764849662780762,inside,heart
4,5.73030948638916,say,kill
4,5.724490165710449,chest,stomach
4,5.715261936187744,love,need
4,5.711564064025879,good,easy
4,5.707486152648926,and,yes
4,5.7047295570373535,take,your
4,5.704517364501953,granddaughter,grandfather
4,5.698399543762207,until,whole
4,5.675559043884277,go,if
4,5.663940906524658,where,until
4,5.595062255859375,throw,take
4,5.5759596824646,throw,pull
4,5.575088977813721,blow,give
4,5.525999069213867,see,feel
4,5.505983352661133,what,i
4,5.499936580657959,send,put
4,5.498165130615234,hold,pull
4,5.489353179931641,come,here
4,5.479979991912842,two,seven
4,5.4621171951293945,kick,shoot
4,5.4172682762146,because,with
4,5.402735710144043,bring,hold
4,5.4019293785095215,want,say
4,5.381341457366943,first,until
4,5.321825981140137,believe,think
4,5.311607837677002,wife,friend
4,5.3086256980896,deep,inside
4,5.280190944671631,many,four
4,5.240103721618652,and,after
4,5.2393951416015625,and,instead
4,5.233208656311035,day,one
4,5.220309257507324,take,want
4,5.140712261199951,find,understand
4,5.096269130706787,because,after
4,5.021815776824951,take,not
4,5.010127067565918,bring,want
4,4.9716973304748535,hear,think
4,4.905330181121826,one,that
4,4.859424114227295,red,white
4,4.84262752532959,explain,answer
4,4.800784587860107,behind,beside
4,4.798659801483154,where,who
4,4.794074058532715,your,our
4,4.782641410827637,understand,remember
4,4.778685569763184,get,want
4,4.694565296173096,find,know
4,4.6781182289123535,my,this
4,4.661961555480957,want,think
4,4.550333499908447,tell,answer
4,4.4741597175598145,thing,which
4,4.368851661682129,again,after
4,4.324092388153076,what,not
4,4.235918998718262,understand,think
4,4.0732293128967285,see,think
4,3.8418548107147217,because,when
3,7.0009331703186035,kill,pound
3,7.000895977020264,row,drive
3,7.000672817230225,see,cost
3,6.999975204467773,circle,arch
3,6.999081134796143,pay,eat
3,6.9969048500061035,plant,kill
3,6.996703624725342,pull,scrape
3,6.996378421783447,town,tower
3,6.995161056518555,kill,split
3,6.9944868087768555,eat,steal
3,6.993569850921631,shoot,wash
3,6.993353366851807,clean,healthy
3,6.990065574645996,i,sleep
3,6.989765644073486,soon,short
3,6.988860130310059,wheat,rye
3,6.987072944641113,deaf,ear
3,6.987060546875,destroy,injure
3,6.986090660095215,language,law
3,6.985982418060303,want,pull
3,6.985318183898926,they,heart
3,6.98367977142334,rub,pull
3,6.981616973876953,defend,prevent
3,6.981296539306641,try,four
3,6.981255531311035,see,guard
3,6.979744911193848,bad,dirt
3,6.978870868682861,walk,hunt
3,6.978385925292969,low,red
3,6.977125644683838,if,key
3,6.97406530380249,fast,short
3,6.972833633422852,raw,red
3,6.968693256378174,come,carry
3,6.968313217163086,wash,kill
3,6.964570999145508,spin,chop
3,6.964317798614502,feather,bamboo
3,6.962324142456055,age,blood
3,6.962031841278076,wind,cold
3,6.960018157958984,pinch,bite
3,6.959895133972168,house,split
3,6.958975315093994,grass,flower
3,6.957683086395264,frost,red
3,6.956594467163086,ground,world
3,6.955896854400635,lift,lead
3,6.954226016998291,valley,swamp
3,6.950432300567627,drink,afterwards
3,6.949951648712158,tie,close
3,6.948034286499023,name,man
3,6.946806907653809,day,black
3,6.9431681632995605,hold,cover
3,6.934383392333984,west,right
3,6.931934833526611,language,conversation
3,6.9304680824279785,dirty,night
3,6.929799556732178,meat,yes
3,6.927372932434082,swim,wash
3,6.922582626342773,salt,tea
3,6.915441513061523,touch,miss
3,6.9147562980651855,love,ask
3,6.910669326782227,sun,grass
3,6.910113334655762,monkey,red
3,6.910040378570557,leaf,reed
3,6.910035133361816,late,back
3,6.908914566040039,voice,kill
3,6.906315803527832,ash,snake
3,6.906306743621826,liver,spleen
3,6.903769493103027,hear,steal
3,6.898739337921143,leave,squeeze
3,6.897697448730469,touch,write
3,6.895966053009033,mute,mad
3,6.89207124710083,and,eat
3,6.891501426696777,elbow,chin
3,6.887979030609131,squeeze,twist
3,6.887734413146973,pull,comb
3,6.885012626647949,person,we
3,6.884298801422119,old,former
3,6.883150577545166,hear,eat
3,6.882541656494141,turn,rub
3,6.882521629333496,fall,cut
3,6.882473945617676,open,if
3,6.880306720733643,take,uncle
3,6.878833770751953,beer,beverage
3,6.874767303466797,join,open
3,6.8735432624816895,hard,certain
3,6.872530937194824,open,pull
3,6.872209072113037,sharp,tongue
3,6.871239185333252,near,easy
3,6.870683670043945,early,dark
3,6.870564937591553,host,father
3,6.870471477508545,boast,commend
3,6.869266986846924,wipe,scrape
3,6.867625713348389,ancestors,grandparents
3,6.863525390625,north,right
3,6.8633713722229,remain,be
3,6.858775615692139,fight,strike
3,6.858044624328613,hold,split
3,6.8579840660095215,buy,change
3,6.856871128082275,tumble,scrape
3,6.855277061462402,field,house
3,6.854865550994873,pick,fold
3,6.850066184997559,bear,house
3,6.846518516540527,spoon,dish
3,6.844500541687012,dawn,day
3,6.844393253326416,pull,wipe
3,6.842121124267578,push,pound
3,6.8409223556518555,old,fat
3,6.839092254638672,fish,red
3,6.835887432098389,straight,name
3,6.8341827392578125,know,clear
3,6.833808422088623,cow,cut
3,6.8326592445373535,shut,wash
3,6.826859951019287,sit,six
3,6.826235294342041,spider,mosquito
3,6.82495641708374,rise,emerge
3,6.823592662811279,side,hip
3,6.823118209838867,eye,not
3,6.819512844085693,cover,pull
3,6.819058895111084,sit,steal
3,6.813027858734131,or,fat
3,6.812459945678711,guard,army
3,6.811254024505615,close,sleep
3,6.808449745178223,smell,breathe
3,6.806317329406738,yellow,honey
3,6.806055545806885,pus,sap
3,6.7935404777526855,teach,call
3,6.790759563446045,drop,autumn
3,6.787549018859863,burn,catch
3,6.786035537719727,letter,surname
3,6.7854814529418945,answer,year
3,6.78166389465332,shoulder,ear
3,6.781597137451172,husband,god
3,6.780311107635498,bright,smooth
3,6.780163764953613,servant,soldier
3,6.7766804695129395,or,eye
3,6.774085521697998,voice,father
3,6.771489143371582,good,holy
3,6.770191669464111,eat,burn
3,6.769040107727051,grandfather,old
3,6.767813205718994,drunk,sleep
3,6.764040946960449,buy,cook
3,6.763012886047363,remember,awake
3,6.761038303375244,choose,catch
3,6.758542537689209,road,wrong
3,6.757869720458984,rich,good
3,6.7477850914001465,hear,beautiful
3,6.74699068069458,thick,white
3,6.7468695640563965,sit,mouth
3,6.746712684631348,early,cook
3,6.746309757232666,white,bull
3,6.744656562805176,claw,needle
3,6.744570732116699,crocodile,rabbit
3,6.744462490081787,port,bridge
3,6.743762969970703,four,power
3,6.741757392883301,tower,temple
3,6.740694046020508,stone,tree
3,6.739987850189209,jug,pan
3,6.739584445953369,soup,salt
3,6.738836765289307,rule,catch
3,6.736421585083008,bathe,eat
3,6.736276626586914,pig,bull
3,6.735030651092529,fall,near
3,6.7342143058776855,call,by
3,6.732989311218262,swing,jog
3,6.732025146484375,tree,hand
3,6.731482982635498,tail,deer
3,6.729992389678955,hold,owe
3,6.7282843589782715,swim,walk
3,6.720959663391113,count,cut
3,6.720497131347656,lift,get
3,6.719290733337402,suck,wash
3,6.7160797119140625,good,green
3,6.71588659286499,hook,twist
3,6.712592601776123,old,dark
3,6.711843967437744,guess,star
3,6.711437702178955,give,burn
3,6.706867218017578,sit,cut
3,6.705693244934082,wash,fry
3,6.700476169586182,yes,fell
3,6.7004170417785645,snake,yellow
3,6.695742607116699,pity,bless
3,6.691937446594238,darkness,blind
3,6.691585063934326,hand,key
3,6.691166400909424,rake,fork
3,6.690850257873535,father,father-in-law
3,6.687952041625977,if,in
3,6.687793731689453,bone,vein
3,6.682666301727295,push,grow
3,6.68168306350708,cotton,flower
3,6.681629657745361,ash,sand
3,6.6799492835998535,jump,splash
3,6.679704666137695,flow,dash
3,6.6790289878845215,sour,rotten
3,6.67889404296875,cave,nest
3,6.678091526031494,cut,steal
3,6.672916889190674,who,night
3,6.670164585113525,husband,month
3,6.669017314910889,seven,seventy
3,6.664765357971191,eat,here
3,6.66327428817749,descendants,grandchild
3,6.660589218139648,blow,walk
3,6.655789852142334,clear,certain
3,6.653575897216797,short,soft
3,6.6520867347717285,sit,want
3,6.651791095733643,speak,suck
3,6.651715278625488,taste,look
3,6.648870468139648,say,preach
3,6.647265434265137,cattle,horse
3,6.645821571350098,certain,yes
3,6.645026206970215,fall,they
3,6.644646644592285,near,pull
3,6.64111852645874,small,thin
3,6.640703201293945,shoot,burn
3,6.637076377868652,ask,read
3,6.636746883392334,fall,land
3,6.633184909820557,spirit,thought
3,6.632689476013184,know,difficult
3,6.629939079284668,who,inside
3,6.628185272216797,pull,pair
3,6.625796318054199,guest,friend
3,6.620138645172119,similar,how
3,6.619416236877441,straight,fat
3,6.615420341491699,say,order
3,6.611955642700195,danger,bad
3,6.601255416870117,day,heaven
3,6.593263626098633,bad,difficult
3,6.590116500854492,bad,their
3,6.588371753692627,smell,feel
3,6.583250045776367,ancestors,grandfather
3,6.582874298095703,rest,recover
3,6.582611083984375,shame,cough
3,6.57505989074707,ash,beech
3,6.573470592498779,pinch,scratch
3,6.572498321533203,cave,pit
3,6.566619873046875,near,this
3,6.5656867027282715,forest,village
3,6.56540060043335,hole,garbage
3,6.563400745391846,hold,choke
3,6.563315391540527,push,want
3,6.559534549713135,ash,mat
3,6.559334754943848,goat,deer
3,6.5582051277160645,earth,stand
3,6.558056354522705,say,do
3,6.5575175285339355,town,ground
3,6.55681037902832,if,at
3,6.554401397705078,near,sun
3,6.5530548095703125,light,small
3,6.55211067199707,axe,hammer
3,6.550956726074219,have,drop
3,6.5448150634765625,fire,one
3,6.544671535491943,light,hell
3,6.5393853187561035,rise,land
3,6.538171291351318,girl,niece
3,6.535365104675293,get,ask
3,6.533963680267334,hear,two
3,6.531565189361572,danger,fault
3,6.531254768371582,bird,snake
3,6.5279059410095215,south,mountain
3,6.524315357208252,cover,split
3,6.520086288452148,see,woman
3,6.518867015838623,push,steal
3,6.50496768951416,be,in
3,6.502542972564697,true,clear
3,6.502231121063232,field,head
3,6.489772319793701,count,set
3,6.485878944396973,fault,work
3,6.483579158782959,see,sleep
3,6.47743558883667,walk,mother
3,6.474409580230713,come,our
3,6.466180324554443,lie,sleep
3,6.465599536895752,many,father
3,6.458312511444092,say,eat
3,6.455814361572266,fruit,sugar
3,6.455714702606201,straight,holy
3,6.455255031585693,person,far
3,6.446786403656006,village,garden
3,6.442574501037598,beard,hair
3,6.434886932373047,top,end
3,6.432283878326416,hear,be
3,6.429550647735596,ash,shame
3,6.428689002990723,count,say
3,6.42666482925415,child,family
3,6.420492172241211,drink,smoke
3,6.420243740081787,granddaughter,daughter-in-law
3,6.4185638427734375,wash,cut
3,6.418245315551758,good,listen
3,6.409495830535889,get,pull
3,6.406346321105957,dare,try
3,6.405037879943848,ready,finish
3,6.401057243347168,spirit,meaning
3,6.395164489746094,rich,wealth
3,6.392731666564941,pull,wash
3,6.391650676727295,red,gold
3,6.3889641761779785,house,that
3,6.388517379760742,cut,wait
3,6.384798049926758,get,win
3,6.3838114738464355,believe,listen
3,6.38364839553833,walk,hear
3,6.3831682205200195,season,month
3,6.3742499351501465,carry,choose
3,6.371225357055664,foot,corner
3,6.366352081298828,dog,goat
3,6.365837097167969,walk,last
3,6.356700897216797,hold,seem
3,6.356475353240967,god,world
3,6.352613925933838,want,use
3,6.34816837310791,you,kill
3,6.343698978424072,clear,correct
3,6.332988739013672,dry,cold
3,6.330901145935059,bay,cape
3,6.33048152923584,shame,two
3,6.330374717712402,few,seven
3,6.329957008361816,bad,child
3,6.329637050628662,age,young
3,6.326298713684082,flow,drop
3,6.3218536376953125,damage,severe
3,6.316281795501709,honey,candy
3,6.307918071746826,thing,food
3,6.306305885314941,early,hurry
3,6.306042671203613,wrong,difficult
3,6.305711269378662,feel,believe
3,6.3053789138793945,lend,sell
3,6.301235675811768,cry,must
3,6.301056861877441,walk,get
3,6.3006205558776855,find,shut
3,6.298137664794922,place,village
3,6.2955241203308105,before,beside
3,6.290257930755615,sit,suck
3,6.289922714233398,work,kill
3,6.284599781036377,get,sit
3,6.283260822296143,walk,carry
3,6.272405624389648,walk,pull
3,6.266660690307617,candle,light
3,6.2660136222839355,close,blow
3,6.2631025314331055,end,boss
3,6.262204170227051,wash,fill
3,6.257755756378174,tongue,neck
3,6.256616115570068,give,speak
3,6.252264499664307,throw,spit
3,6.243892669677734,sit,look
3,6.235531806945801,nipple,tongue
3,6.235182762145996,eat,sleep
3,6.234658718109131,eighty,ninety
3,6.22122049331665,soul,flesh
3,6.2188239097595215,half,piece
3,6.214193344116211,brave,soldier
3,6.212522506713867,last,finish
3,6.212230205535889,feel,admit
3,6.203065872192383,who,father
3,6.202489376068115,many,difficult
3,6.198816776275635,trousers,leopard
3,6.19610071182251,hand,own
3,6.190620422363281,ear,neck
3,6.186184406280518,body,whole
3,6.17962121963501,straight,hard
3,6.177867412567139,cheap,low
3,6.166911602020264,where,father
3,6.165745735168457,count,know
3,6.163943290710449,admit,yes
3,6.1632184982299805,crow,hawk
3,6.158989906311035,enough,full
3,6.1553521156311035,stand,hear
3,6.153916835784912,cross,rainbow
3,6.152681350708008,carry,own
3,6.144964218139648,bring,eat
3,6.138545513153076,give,shoot
3,6.1326189041137695,pull,cut
3,6.131557941436768,grief,anger
3,6.1233086585998535,choose,try
3,6.1198577880859375,yam,chop
3,6.118485927581787,count,one
3,6.113681793212891,physician,nurse
3,6.11310338973999,lift,stretch
3,6.110414028167725,leave,push
3,6.104643821716309,heart,life
3,6.104477405548096,chicken,lamb
3,6.102621078491211,give,father
3,6.10261344909668,walk,give
3,6.100074768066406,mother,here
3,6.098220348358154,keep,catch
3,6.089395523071289,nephew,boy
3,6.088908672332764,pull,squeeze
3,6.0848612785339355,ear,tongue
3,6.084790229797363,forget,steal
3,6.08245325088501,touch,try
3,6.071549415588379,cloth,towel
3,6.0608601570129395,pick,cut
3,6.051427364349365,teach,try
3,6.046813011169434,time,house
3,6.040384769439697,shine,light
3,6.029361724853516,look,day
3,6.027657985687256,push,split
3,6.02744197845459,happy,proud
3,6.026947021484375,get,understand
3,6.023586273193359,come,know
3,6.012620449066162,hold,squeeze
3,6.0116400718688965,and,brother
3,6.000762939453125,name,not
3,6.00032377243042,shame,fear
3,5.988078594207764,if,name
3,5.983347415924072,get,kill
3,5.979706764221191,hear,want
3,5.970797538757324,push,cut
3,5.96449613571167,carry,steal
3,5.962942600250244,try,meet
3,5.96200704574585,yellow,light
3,5.960477352142334,old,dirty
3,5.960477352142334,dirty,old
3,5.954655170440674,dog,fish
3,5.942580699920654,drive,pass
3,5.942272186279297,day,two
3,5.9396820068359375,lift,put
3,5.936511039733887,learn,own
3,5.9324421882629395,answer,turn
3,5.931143283843994,get,shut
3,5.928442001342773,see,fight
3,5.926585674285889,inside,through
3,5.920542240142822,say,suck
3,5.919455051422119,hear,believe
3,5.916915416717529,go,they
3,5.915633678436279,mother,own
3,5.90139102935791,sit,wait
3,5.901007175445557,i,yes
3,5.898548603057861,run,ride
3,5.892348766326904,send,say
3,5.888906478881836,grief,shame
3,5.872455596923828,hurry,soon
3,5.868972301483154,only,hardly
3,5.868962287902832,go,say
3,5.856027603149414,kill,yes
3,5.8300628662109375,turn,lie
3,5.827539920806885,think,miss
3,5.827539920806885,miss,think
3,5.826281547546387,and,say
3,5.824075698852539,inside,up
3,5.808200359344482,carry,push
3,5.803261756896973,run,give
3,5.8007049560546875,send,remember
3,5.800538063049316,carry,put
3,5.787682056427002,from,at
3,5.785730838775635,yellow,brown
3,5.761741638183594,catch,end
3,5.757078647613525,red,brown
3,5.752604961395264,one,night
3,5.751042366027832,month,wait
3,5.746114730834961,run,see
3,5.7435994148254395,before,forward
3,5.740396499633789,run,shoot
3,5.730513095855713,green,grey
3,5.722897052764893,leave,last
3,5.696810245513916,enough,ready
3,5.682732582092285,get,keep
3,5.680715560913086,because,inside
3,5.6729350090026855,in,from
3,5.623790740966797,know,listen
3,5.611495018005371,big,see
3,5.5886735916137695,girl,cousin
3,5.580564022064209,wrong,left
3,5.577838897705078,place,inside
3,5.567609786987305,town,house
3,5.562371253967285,now,day
3,5.547556400299072,long,many
3,5.5136003494262695,my,not
3,5.506140232086182,say,read
3,5.503589153289795,give,this
3,5.500058174133301,second,twice
3,5.491053104400635,come,see
3,5.470121383666992,while,walk
3,5.458907127380371,send,take
3,5.446563243865967,see,try
3,5.440022945404053,true,good
3,5.437521457672119,we,that
3,5.423013687133789,one,friend
3,5.418408393859863,love,think
3,5.408745765686035,give,now
3,5.388923168182373,and,one
3,5.387430191040039,father-in-law,daughter-in-law
3,5.372203826904297,leave,inside
3,5.369386672973633,aunt,brother
3,5.3560709953308105,good,where
3,5.304516792297363,what,we
3,5.266328811645508,if,one
3,5.2631330490112305,go,bring
3,5.251015663146973,see,we
3,5.249799728393555,put,cause
3,5.249409198760986,send,give
3,5.237104415893555,first,end
3,5.232622146606445,place,part
3,5.182766437530518,many,very
3,5.176137924194336,say,swear
3,5.170351982116699,penis,vagina
3,5.165755271911621,who,you
3,5.135342597961426,often,sometimes
3,5.069122314453125,grandmother,grandparents
3,5.0690741539001465,leave,say
3,5.024899959564209,take,that
3,4.982181549072266,feel,guess
3,4.960669994354248,up,before
3,4.935276985168457,side,behind
3,4.9328083992004395,not,without
3,4.890817642211914,good,very
3,4.887595176696777,see,say
3,4.861784934997559,good,yes
3,4.8570733070373535,say,they
3,4.731400966644287,today,here
3,4.712649822235107,cousin,friend
3,4.661961555480957,want,think
3,4.653107643127441,know,feel
3,4.547903060913086,what,say
3,4.541840076446533,now,that
3,4.532790184020996,not,nothing
3,4.50680685043335,already,before
3,4.491542339324951,never,not
3,4.487043857574463,if,how
3,4.363974094390869,today,day
3,4.156116485595703,know,right
3,4.127607822418213,wife,daughter
3,2.7664246559143066,know,think
2,7.001919746398926,enemy,snake
2,7.000590801239014,autumn,set
2,7.00013542175293,shield,iron
2,6.99984073638916,claw,thumb
2,6.999813556671143,eye,mother
2,6.999466419219971,flower,ornament
2,6.999451160430908,walk,cook
2,6.999020576477051,small,laugh
2,6.998074531555176,cook,owe
2,6.996816635131836,arrive,traverse
2,6.9965949058532715,want,cook
2,6.9960126876831055,wide,far
2,6.995917320251465,come,fill
2,6.9952192306518555,lame,corner
2,6.995198726654053,star,mother
2,6.995055198669434,rise,light
2,6.994830131530762,roof,blanket
2,6.99446964263916,sink,leave
2,6.992977619171143,price,answer
2,6.992973327636719,blind,mother
2,6.99285888671875,shell,house
2,6.992715358734131,heart,their
2,6.990781307220459,ditch,arrange
2,6.990435600280762,taste,tea
2,6.989723205566406,ground,this
2,6.9895830154418945,shut,wet
2,6.989432334899902,hold,eat
2,6.989177227020264,carry,hard
2,6.989064693450928,sit,stretch
2,6.988900184631348,finish,victory
2,6.988137245178223,brave,bad
2,6.987863063812256,sit,mother
2,6.986993312835693,eat,use
2,6.985537052154541,cover,kill
2,6.984921455383301,burn,arm
2,6.984104633331299,carry,draw
2,6.983452320098877,climb,rake
2,6.983419418334961,throw,cover
2,6.983227252960205,thing,news
2,6.982826232910156,eight,kill
2,6.982724189758301,carry,want
2,6.982499122619629,push,remain
2,6.981662750244141,meet,mix
2,6.981065273284912,yard,floor
2,6.980835914611816,fish,fruit
2,6.979151725769043,dog,eat
2,6.978183746337891,hold,burning
2,6.977551460266113,send,donate
2,6.976452350616455,mat,wing
2,6.974222183227539,road,have
2,6.974142074584961,wide,many
2,6.973606586456299,wife,four
2,6.971399784088135,ground,egg
2,6.9713029861450195,push,speak
2,6.970991134643555,boot,stocking
2,6.970892906188965,poison,plant
2,6.970673084259033,straight,weave
2,6.970574378967285,get,six
2,6.970363616943359,town,sky
2,6.969709396362305,split,scrape
2,6.969173431396484,sweep,steal
2,6.968642711639404,cover,head
2,6.968223571777344,dew,wind
2,6.967031002044678,west,afternoon
2,6.9668803215026855,cold,damp
2,6.966127395629883,enter,send
2,6.965298652648926,forget,exchange
2,6.9651312828063965,elevation,summit
2,6.965120792388916,carry,suck
2,6.964415073394775,sit,wife
2,6.964023590087891,hear,piss
2,6.963064193725586,flow,drive
2,6.962104797363281,egg,green
2,6.962081432342529,bill,explain
2,6.961798191070557,new,together
2,6.961730003356934,deep,six
2,6.959535121917725,blood,rat
2,6.959463119506836,sand,creek
2,6.958850383758545,late,eat
2,6.958740711212158,drink,two
2,6.958003997802734,bug,hawk
2,6.957437038421631,choke,wash
2,6.956616401672363,grief,painful
2,6.956562519073486,fish,grass
2,6.955704212188721,fault,pull
2,6.955628395080566,cry,blood
2,6.955080032348633,change,split
2,6.955061912536621,fill,sweat
2,6.954856872558594,shout,read
2,6.954813480377197,wet,stupid
2,6.953431129455566,field,country
2,6.952617168426514,cut,draw
2,6.952369689941406,buy,horse
2,6.952297687530518,shade,edge
2,6.950481414794922,wing,hit
2,6.950399875640869,hold,fart
2,6.950059413909912,tooth,gums
2,6.949636936187744,squeeze,crawl
2,6.949265956878662,hole,grass
2,6.949091911315918,suck,sleep
2,6.948774337768555,cheap,good
2,6.948738098144531,ash,day
2,6.948462963104248,throw,our
2,6.948293685913086,deep,sick
2,6.9479451179504395,nail,screw
2,6.947379112243652,fast,hard
2,6.9472975730896,dream,cat
2,6.94667387008667,turn,wrap
2,6.945737361907959,think,arm
2,6.945103645324707,priest,magician
2,6.944576740264893,ash,monkey
2,6.943004608154297,roll,short
2,6.9426960945129395,change,steal
2,6.942398548126221,paint,cut
2,6.942017078399658,send,hide
2,6.939887046813965,at,she
2,6.939066410064697,naked,reason
2,6.938835144042969,short,bottom
2,6.938177585601807,blood,head
2,6.937981605529785,say,pray
2,6.9370293617248535,dust,floor
2,6.9367289543151855,shoot,chop
2,6.9364399909973145,danger,storm
2,6.936429023742676,hot,sick
2,6.935693264007568,again,fat
2,6.935189247131348,blow,light
2,6.9350810050964355,north,year
2,6.933103561401367,healthy,body
2,6.9319963455200195,learn,hand
2,6.93134880065918,carry,friend
2,6.931236743927002,rich,world
2,6.930810928344727,sleep,two
2,6.9300665855407715,early,heavy
2,6.9299845695495605,spin,thread
2,6.928609848022461,hold,twist
2,6.928220748901367,sit,fat
2,6.927798748016357,straight,court
2,6.927584648132324,thigh,belly
2,6.92652702331543,sit,shout
2,6.92603063583374,kettle,bucket
2,6.924875259399414,four,correct
2,6.923364162445068,lift,see
2,6.922082424163818,head,god
2,6.921452522277832,stand,tree
2,6.920845031738281,remain,count
2,6.920826435089111,dog,bird
2,6.920751571655273,jump,teach
2,6.920696258544922,field,mountain
2,6.920384407043457,shoot,nine
2,6.918985366821289,beeswax,beehive
2,6.918307304382324,hook,circle
2,6.9178547859191895,enemy,stranger
2,6.91741943359375,cloth,blanket
2,6.916865825653076,earring,ornament
2,6.916831970214844,leave,bite
2,6.916285514831543,get,do
2,6.916234970092773,fringe,tip
2,6.915982723236084,shine,paint
2,6.914494037628174,hunt,close
2,6.913841247558594,pull,crawl
2,6.913227558135986,flat,always
2,6.912907123565674,pull,thin
2,6.912346363067627,cut,stab
2,6.911856174468994,ash,throw
2,6.91113805770874,parents,grandmother
2,6.910743713378906,eagle,bow
2,6.910619258880615,hold,hunt
2,6.910364627838135,hear,ant
2,6.909920692443848,shut,threaten
2,6.908952236175537,cry,woman
2,6.908938407897949,horse,old
2,6.908925533294678,change,speak
2,6.9088358879089355,try,do
2,6.9085798263549805,come,kill
2,6.907917022705078,hold,ask
2,6.907508373260498,elbow,head
2,6.907129764556885,blow,sweep
2,6.906550407409668,divide,embrace
2,6.9062066078186035,pair,twice
2,6.90519905090332,open,say
2,6.9045329093933105,fight,afterwards
2,6.902304172515869,small,sick
2,6.902254581451416,carry,squeeze
2,6.902061939239502,chest,bone
2,6.901754856109619,lift,tie
2,6.901340007781982,where,wing
2,6.901336669921875,dog,tree
2,6.900790214538574,woman,cook
2,6.899769306182861,carry,build
2,6.899427890777588,mind,ghost
2,6.899302959442139,wise,manner
2,6.898229122161865,say,eye
2,6.89815616607666,sit,hunt
2,6.897562503814697,put,empty
2,6.896912097930908,speak,piss
2,6.896783351898193,shut,bright
2,6.896415710449219,hold,cook
2,6.89582633972168,promise,owe
2,6.895734786987305,sell,donate
2,6.894893646240234,cut,squeeze
2,6.894608020782471,light,change
2,6.894373416900635,get,speak
2,6.893643856048584,cook,steal
2,6.893069267272949,look,horse
2,6.892282485961914,hunt,swear
2,6.89078426361084,enter,meet
2,6.88884973526001,road,dog
2,6.887135028839111,study,write
2,6.886719226837158,walk,country
2,6.886634349822998,cut,finish
2,6.884975910186768,leave,drink
2,6.884514331817627,long,speak
2,6.884165287017822,ride,this
2,6.883584499359131,name,star
2,6.882521629333496,fall,cut
2,6.882416725158691,walk,suck
2,6.881400108337402,now,correct
2,6.880288124084473,snake,animal
2,6.880068778991699,send,head
2,6.87999153137207,river,sand
2,6.878947734832764,flat,fill
2,6.878754615783691,low,floor
2,6.8781280517578125,one,fill
2,6.877871036529541,gather,hide
2,6.876946926116943,slow,because
2,6.876092433929443,lift,answer
2,6.875169277191162,sit,change
2,6.874259948730469,pinch,pull
2,6.872712135314941,dark,sick
2,6.8719482421875,stand,red
2,6.871175765991211,small,press
2,6.870571613311768,blow,row
2,6.870194435119629,clothes,steal
2,6.869915962219238,darkness,fog
2,6.869126796722412,need,cast
2,6.869018077850342,come,drive
2,6.868932247161865,speak,cook
2,6.868661880493164,walk,eye
2,6.867703914642334,walk,path
2,6.867198944091797,ash,sun
2,6.866388320922852,bake,make
2,6.86571741104126,braid,tie
2,6.865588188171387,wash,squeeze
2,6.865506172180176,change,lead
2,6.864433288574219,walk,cold
2,6.864020824432373,long,wash
2,6.863891124725342,butterfly,spider
2,6.863834857940674,jump,squeeze
2,6.861999034881592,pull,wear
2,6.8618316650390625,choose,hunt
2,6.8616557121276855,say,black
2,6.860598087310791,walk,big
2,6.859933853149414,yellow,three
2,6.858644485473633,refuse,sacrifice
2,6.858604431152344,pot,plate
2,6.858330726623535,trough,beehive
2,6.858006000518799,punishment,blame
2,6.857542037963867,speak,fight
2,6.855668067932129,world,holy
2,6.854687690734863,hill,summit
2,6.854671478271484,wet,cloth
2,6.854434013366699,shout,drunk
2,6.854093551635742,cut,refuse
2,6.854001998901367,shine,clear
2,6.853865623474121,blow,hunt
2,6.853614807128906,shelf,floor
2,6.853437423706055,part,garden
2,6.853394031524658,row,fire
2,6.8532867431640625,do,talk
2,6.8522748947143555,run,duck
2,6.8513641357421875,door,lid
2,6.851009845733643,sour,liquor
2,6.85059118270874,yam,cassava
2,6.849678039550781,silk,thread
2,6.848527908325195,mix,break
2,6.847164630889893,walk,grass
2,6.847140789031982,promise,curse
2,6.846378803253174,star,green
2,6.845913887023926,wet,heavy
2,6.8452959060668945,try,squeeze
2,6.845247268676758,carry,cook
2,6.844841480255127,dirty,evil
2,6.84377908706665,sit,ask
2,6.843598365783691,pay,donate
2,6.842865943908691,hold,man
2,6.84272575378418,old,soul
2,6.842597961425781,carry,light
2,6.840182304382324,hole,boat
2,6.840096950531006,big,master
2,6.839285373687744,send,hunt
2,6.839231491088867,blood,fire
2,6.837403297424316,bone,branch
2,6.835792541503906,earth,run
2,6.835470199584961,go,name
2,6.835366249084473,sit,squeeze
2,6.835350513458252,six,draw
2,6.834434986114502,rule,master
2,6.8335137367248535,join,say
2,6.833305358886719,hear,cut
2,6.833103656768799,hole,fence
2,6.833098411560059,lift,embrace
2,6.8316650390625,short,some
2,6.830689430236816,day,bud
2,6.828036785125732,walk,lead
2,6.828005790710449,female,white
2,6.8280029296875,hate,become
2,6.827856540679932,ghost,magician
2,6.827085494995117,guilty,blame
2,6.82586669921875,walk,want
2,6.825865745544434,blow,speak
2,6.825397491455078,island,land
2,6.8246917724609375,fill,feel
2,6.824575901031494,sell,shell
2,6.820765495300293,earth,give
2,6.820423603057861,count,full
2,6.820362567901611,suck,draw
2,6.8200249671936035,person,eye
2,6.81961727142334,swell,blow
2,6.81961727142334,blow,swell
2,6.819573402404785,borrow,choose
2,6.817799091339111,monkey,fly
2,6.817605972290039,see,refuse
2,6.8173909187316895,west,behind
2,6.816668510437012,hold,dream
2,6.816629409790039,say,fan
2,6.816465377807617,eye,end
2,6.816256999969482,jump,meet
2,6.814402103424072,elbow,eye
2,6.814159870147705,wet,beside
2,6.812889099121094,cloud,rainbow
2,6.812171459197998,aubergine,tongs
2,6.811212539672852,mud,wet
2,6.8110480308532715,long,wall
2,6.8097710609436035,beside,after
2,6.809488773345947,grow,old
2,6.809442520141602,stand,burn
2,6.809423923492432,cat,farm
2,6.808913230895996,blood,wash
2,6.80867338180542,ground,alone
2,6.8084869384765625,shout,speak
2,6.806918621063232,white,wood
2,6.806804180145264,put,do
2,6.805008411407471,flat,count
2,6.802511215209961,come,learn
2,6.802414894104004,blood,there
2,6.802237510681152,donkey,deer
2,6.801624298095703,heart,two
2,6.801183223724365,watch,notice
2,6.799915790557861,carry,gather
2,6.798299312591553,go,hand
2,6.797552585601807,walk,change
2,6.796840667724609,tree,bottom
2,6.796585559844971,hole,empty
2,6.796538829803467,jump,six
2,6.796377182006836,eye,yes
2,6.796252727508545,push,leg
2,6.7953901290893555,want,cut
2,6.794679641723633,sit,full
2,6.794326305389404,wash,oil
2,6.794160842895508,cough,yes
2,6.793987274169922,taste,lick
2,6.793766498565674,dew,rain
2,6.7913618087768555,head,hill
2,6.790954113006592,walk,row
2,6.79062032699585,piss,pull
2,6.790009021759033,sit,hole
2,6.789486885070801,hole,house
2,6.789456844329834,stand,fire
2,6.788206100463867,straight,cold
2,6.787333011627197,thief,rob
2,6.7866339683532715,bite,suck
2,6.786318302154541,board,hand
2,6.7858991622924805,coconut,tree
2,6.785090923309326,suck,breathe
2,6.783419132232666,fire,yes
2,6.782969951629639,sit,small
2,6.782942771911621,hold,short
2,6.782637596130371,piss,steal
2,6.782242774963379,enemy,war
2,6.782055854797363,short,yes
2,6.781060695648193,remain,weak
2,6.778806686401367,new,box
2,6.778755187988281,hear,dance
2,6.778388977050781,send,change
2,6.778179168701172,plain,old
2,6.777144908905029,hold,feed
2,6.777004241943359,give,tie
2,6.7762298583984375,far,kill
2,6.775955677032471,fault,mouth
2,6.7758941650390625,open,turn
2,6.775632381439209,see,sky
2,6.775274753570557,edge,up
2,6.774500370025635,sun,one
2,6.773535251617432,push,destroy
2,6.773486137390137,touch,tie
2,6.771705150604248,hold,husband
2,6.771260738372803,buy,pound
2,6.7708611488342285,go,open
2,6.770697116851807,cook,ask
2,6.770589351654053,soul,end
2,6.770191669464111,burn,eat
2,6.769965648651123,place,sun
2,6.769691467285156,tree,white
2,6.767308712005615,which,thou
2,6.767159938812256,want,old
2,6.766709804534912,flock,herd
2,6.7662739753723145,foot,bottom
2,6.76475191116333,cry,child
2,6.763540744781494,only,floor
2,6.7623419761657715,open,want
2,6.761483669281006,carry,pound
2,6.761446952819824,fish,other
2,6.759485721588135,red,night
2,6.759196758270264,right,drink
2,6.759191036224365,spot,garbage
2,6.758821487426758,price,line
2,6.7576212882995605,above,through
2,6.756492614746094,good,outside
2,6.75457239151001,room,square
2,6.7537007331848145,piss,cut
2,6.753228187561035,speech,story
2,6.751870632171631,say,steal
2,6.750850200653076,fat,white
2,6.749769687652588,sand,floor
2,6.749751567840576,carry,see
2,6.749271392822266,answer,pull
2,6.747182846069336,be,man
2,6.74632453918457,stone,gold
2,6.745199203491211,sun,far
2,6.745057106018066,ash,black
2,6.744802951812744,braid,rope
2,6.744694709777832,block,strike
2,6.743987560272217,and,fire
2,6.743239879608154,piss,smell
2,6.741698265075684,long,yellow
2,6.741150856018066,kill,chop
2,6.740811347961426,imitate,threaten
2,6.736538410186768,where,water
2,6.735856056213379,carry,near
2,6.735602855682373,host,own
2,6.735286235809326,give,dog
2,6.735241889953613,squeeze,slip
2,6.734992027282715,taste,understand
2,6.734857082366943,imitate,teach
2,6.734757423400879,arrive,pour
2,6.734482288360596,big,self
2,6.733849048614502,wife,one
2,6.732677459716797,white,four
2,6.732179164886475,rich,learn
2,6.731889724731445,good,peace
2,6.731811046600342,blow,breathe
2,6.731259346008301,thing,clothes
2,6.731164932250977,need,correct
2,6.730676174163818,go,fly
2,6.7304229736328125,rise,up
2,6.730362892150879,snake,tooth
2,6.7302045822143555,last,peak
2,6.730015277862549,hear,pull
2,6.729732513427734,suck,fat
2,6.7296271324157715,sweep,lead
2,6.728097915649414,three,tip
2,6.7275776863098145,get,piss
2,6.72753381729126,choose,hate
2,6.727427005767822,country,day
2,6.727169036865234,bunch,tree
2,6.7264580726623535,wipe,blow
2,6.726082801818848,green,six
2,6.722164154052734,bright,easy
2,6.72196102142334,get,fat
2,6.721624374389648,look,sign
2,6.720959663391113,count,cut
2,6.719353199005127,hold,ghost
2,6.716978549957275,wheat,oat
2,6.71611213684082,shut,press
2,6.715453147888184,shelf,wood
2,6.715396404266357,cat,king
2,6.713501930236816,join,rest
2,6.712973117828369,yes,victory
2,6.711971759796143,sit,near
2,6.71189022064209,weave,cut
2,6.710782527923584,where,wash
2,6.708820343017578,hail,snow
2,6.708569526672363,take,build
2,6.708524703979492,become,begin
2,6.7081475257873535,understand,cut
2,6.707077503204346,in,through
2,6.706907272338867,carry,say
2,6.706574440002441,go,do
2,6.704635143280029,full,shoot
2,6.702324867248535,husband,fight
2,6.698850154876709,fire,this
2,6.697197914123535,old,hit
2,6.696404457092285,walk,world
2,6.696383953094482,cheap,few
2,6.695984363555908,believe,witness
2,6.695431232452393,change,cut
2,6.695409297943115,disappear,forget
2,6.694886207580566,corpse,demon
2,6.6945085525512695,itch,rub
2,6.693382263183594,cow,bird
2,6.693114280700684,straight,immediately
2,6.692763805389404,give,house
2,6.691903591156006,plant,fire
2,6.689624309539795,grandmother,old
2,6.688994884490967,raise,refuse
2,6.688462257385254,stone,bridge
2,6.688401699066162,sibling,friend
2,6.688270568847656,walk,steal
2,6.686862945556641,suck,rub
2,6.686813831329346,narrow,shallow
2,6.68662166595459,shy,scared
2,6.685817718505859,answer,hide
2,6.6833319664001465,walk,wash
2,6.682100296020508,carry,speak
2,6.68080472946167,few,weak
2,6.680759906768799,shoot,far
2,6.680691719055176,get,refuse
2,6.680552005767822,lock,end
2,6.680495738983154,deep,ghost
2,6.679715156555176,get,drink
2,6.67862606048584,pull,far
2,6.67769718170166,move,touch
2,6.676864147186279,hear,husband
2,6.675851821899414,push,suck
2,6.675293445587158,hunt,cook
2,6.674973487854004,and,food
2,6.67419958114624,light,skin
2,6.670451641082764,feel,idea
2,6.6700286865234375,sleep,kill
2,6.669986248016357,laugh,suck
2,6.669267654418945,tailor,shoemaker
2,6.668591499328613,slow,heavy
2,6.666932106018066,where,face
2,6.664970874786377,tired,break
2,6.664914131164551,straight,who
2,6.664493560791016,wipe,scratch
2,6.6640753746032715,salt,stick
2,6.663581371307373,full,say
2,6.663093566894531,cut,five
2,6.662115097045898,horse,mother
2,6.661479949951172,hot,black
2,6.6610426902771,speech,read
2,6.66101598739624,flow,long
2,6.660272598266602,edge,sharp
2,6.658774375915527,kick,this
2,6.65848445892334,cloud,above
2,6.656166076660156,wash,steal
2,6.655641555786133,pig,egg
2,6.654886245727539,board,arm
2,6.654292583465576,they,hand
2,6.653925895690918,horn,deer
2,6.6533613204956055,squeeze,scratch
2,6.652968406677246,circle,bow
2,6.649902820587158,suck,cook
2,6.646912097930908,long,lead
2,6.646426200866699,grandmother,ancestors
2,6.646381855010986,find,recognize
2,6.645899772644043,say,sleep
2,6.644719123840332,twelve,seventeen
2,6.643764019012451,want,steal
2,6.643303394317627,give,open
2,6.6423420906066895,garden,land
2,6.642330169677734,fight,woman
2,6.641618251800537,old,far
2,6.6408233642578125,walk,speak
2,6.639491081237793,run,strong
2,6.638272762298584,say,cook
2,6.637793064117432,brother-in-law,sister
2,6.637199401855469,deep,far
2,6.6359357833862305,neighbour,friend
2,6.634987831115723,cover,turn
2,6.634188175201416,jump,shit
2,6.633975028991699,defend,think
2,6.633482933044434,you,their
2,6.63335657119751,must,split
2,6.633144378662109,dirty,spot
2,6.632745742797852,lift,climb
2,6.632096767425537,burn,stone
2,6.63148307800293,long,often
2,6.630358695983887,measure,explain
2,6.629690647125244,person,wife
2,6.629667282104492,leave,full
2,6.6271138191223145,ground,eye
2,6.626161098480225,hole,two
2,6.624624729156494,choose,speak
2,6.624327659606934,hunt,steal
2,6.624277114868164,five,not
2,6.623978614807129,often,soon
2,6.623740196228027,throw,chop
2,6.623508453369141,new,hit
2,6.623222827911377,say,fat
2,6.622870445251465,dawn,set
2,6.622053623199463,last,cast
2,6.620994567871094,bright,good
2,6.619971752166748,small,good
2,6.616208553314209,star,sign
2,6.615808010101318,fall,say
2,6.614902496337891,seed,leaf
2,6.613701343536377,speak,conversation
2,6.613452911376953,lick,swallow
2,6.6122517585754395,field,fire
2,6.611887454986572,know,language
2,6.6116838455200195,push,open
2,6.6111955642700195,hear,fill
2,6.610509872436523,suck,steal
2,6.608555793762207,believe,certain
2,6.608489990234375,give,soul
2,6.6080522537231445,hole,spoon
2,6.607791423797607,bite,squeeze
2,6.606988906860352,poor,small
2,6.606772422790527,sour,red
2,6.605052947998047,hard,year
2,6.604701519012451,play,shoot
2,6.6044087409973145,throw,here
2,6.604002475738525,cover,see
2,6.602949142456055,push,hear
2,6.60234260559082,white,before
2,6.60207462310791,give,cook
2,6.60140323638916,throw,pound
2,6.6008076667785645,put,hot
2,6.600703239440918,far,peak
2,6.600315570831299,choose,three
2,6.600089073181152,you,catch
2,6.599534511566162,carry,wash
2,6.598259449005127,give,shine
2,6.5948615074157715,forest,leaf
2,6.594226837158203,crooked,slanted
2,6.5930328369140625,come,good
2,6.59142541885376,go,inside
2,6.5913920402526855,near,sick
2,6.591262340545654,name,hand
2,6.590548515319824,blow,three
2,6.590030193328857,book,newspaper
2,6.589557647705078,country,end
2,6.588716983795166,person,father
2,6.586960315704346,fight,head
2,6.586040019989014,use,three
2,6.585418224334717,get,full
2,6.585239887237549,shut,hard
2,6.584728717803955,frog,leaf
2,6.584041118621826,leave,land
2,6.58367395401001,light,burning
2,6.582728862762451,throw,learn
2,6.582685470581055,fur,monkey
2,6.581988334655762,thing,speech
2,6.580577850341797,buy,call
2,6.580535411834717,because,at
2,6.57947301864624,house,space
2,6.5784406661987305,leave,row
2,6.578319072723389,canoe,cart
2,6.578010082244873,want,head
2,6.577150344848633,we,my
2,6.575591564178467,high,far
2,6.574827671051025,wash,salt
2,6.57421350479126,give,full
2,6.573655605316162,change,hear
2,6.572608947753906,right,write
2,6.572076320648193,buy,answer
2,6.571935176849365,that,set
2,6.571066856384277,braid,tail
2,6.564869403839111,explain,speech
2,6.562727451324463,hold,and
2,6.562655925750732,good,change
2,6.561789512634277,left,life
2,6.560655117034912,wall,cliff
2,6.560507297515869,now,sun
2,6.560397148132324,soft,black
2,6.5602545738220215,and,hand
2,6.560013771057129,mix,twist
2,6.5580973625183105,hold,borrow
2,6.55772066116333,fight,threaten
2,6.554511547088623,boat,cart
2,6.553765773773193,cotton,yellow
2,6.553566932678223,walk,clean
2,6.550869941711426,leaf,blue
2,6.549875736236572,stand,girl
2,6.549532413482666,late,meal
2,6.548886775970459,drive,step
2,6.547776699066162,all,five
2,6.546230792999268,inside,tree
2,6.542452812194824,earth,edge
2,6.5421881675720215,inside,you
2,6.541789531707764,ash,blue
2,6.540511608123779,hand,knife
2,6.540383815765381,wrong,false
2,6.539602279663086,round,shout
2,6.537985324859619,fight,rob
2,6.535989284515381,fight,pull
2,6.534398555755615,salt,ice
2,6.533444881439209,leave,dream
2,6.533147811889648,stretch,squeeze
2,6.532524585723877,brother-in-law,brother
2,6.530910491943359,iron,machine
2,6.530221462249756,ground,fence
2,6.528872966766357,thing,language
2,6.5285210609436035,plain,clear
2,6.527663707733154,taste,suck
2,6.5272393226623535,buy,hear
2,6.526867866516113,what,correct
2,6.526700496673584,blood,sugar
2,6.526607513427734,shout,say
2,6.526296615600586,put,mix
2,6.5254693031311035,wise,certain
2,6.525099277496338,chop,chin
2,6.52324914932251,seem,catch
2,6.521754741668701,call,we
2,6.521717548370361,talk,correct
2,6.519021987915039,get,shoot
2,6.5175065994262695,come,hear
2,6.5165252685546875,tip,boss
2,6.5150837898254395,stick,thumb
2,6.51467752456665,shake,blow
2,6.514285564422607,sit,crawl
2,6.512747764587402,poor,know
2,6.512280464172363,rough,mad
2,6.509605884552002,bamboo,garden
2,6.509557723999023,cut,yes
2,6.509210586547852,now,holy
2,6.509020805358887,small,black
2,6.508791923522949,see,steal
2,6.507579803466797,change,want
2,6.505911350250244,age,six
2,6.504885673522949,sit,two
2,6.504796981811523,age,two
2,6.5044941902160645,my,kill
2,6.504306793212891,turn,shake
2,6.504286289215088,enter,choose
2,6.504123687744141,deny,swear
2,6.504028797149658,rope,chain
2,6.501445293426514,work,mother
2,6.500696659088135,star,post
2,6.498576641082764,feel,notice
2,6.497745513916016,throw,play
2,6.496057510375977,sit,one
2,6.49425745010376,beautiful,dear
2,6.492905139923096,where,six
2,6.492645740509033,string,strap
2,6.492459774017334,know,hand
2,6.491398334503174,call,own
2,6.490244388580322,slow,weak
2,6.4898529052734375,speak,kill
2,6.489607334136963,full,top
2,6.48927640914917,push,they
2,6.4889068603515625,rough,difficult
2,6.487558364868164,speech,message
2,6.487417221069336,new,beautiful
2,6.486355304718018,give,month
2,6.485745906829834,push,piss
2,6.48426628112793,hear,heart
2,6.483090877532959,low,near
2,6.482393264770508,walk,from
2,6.482131004333496,stand,big
2,6.4808735847473145,round,inside
2,6.47902250289917,father,house
2,6.478812217712402,tax,wages
2,6.478320598602295,run,eat
2,6.476276874542236,give,night
2,6.475304126739502,house,she
2,6.473112106323242,rich,own
2,6.471170425415039,relatives,descendants
2,6.4708404541015625,new,three
2,6.469791889190674,bad,become
2,6.469661235809326,walk,hide
2,6.469119548797607,carry,try
2,6.468361854553223,fall,know
2,6.46574592590332,dust,garbage
2,6.464719772338867,go,at
2,6.463921070098877,hot,this
2,6.463761806488037,want,suck
2,6.463552474975586,roll,slip
2,6.463376998901367,calm,slow
2,6.462131977081299,get,sell
2,6.460133075714111,run,master
2,6.459782123565674,push,pinch
2,6.4592766761779785,keep,last
2,6.457554817199707,thing,red
2,6.457452297210693,many,speak
2,6.457201957702637,fall,push
2,6.455658912658691,meet,house
2,6.453381061553955,age,before
2,6.451595783233643,seven,hundred
2,6.451290130615234,hear,suck
2,6.447652816772461,earth,side
2,6.4448957443237305,only,sun
2,6.444243907928467,angry,hate
2,6.441699981689453,stand,kill
2,6.439866542816162,know,shoot
2,6.439850330352783,pay,count
2,6.4355621337890625,clear,try
2,6.434547424316406,turn,fill
2,6.433871746063232,carry,change
2,6.43284273147583,hold,last
2,6.432624816894531,house,kill
2,6.432409763336182,want,day
2,6.431718826293945,roll,tie
2,6.431418418884277,suck,cut
2,6.430717945098877,throw,lick
2,6.4287872314453125,remember,fill
2,6.427842617034912,sad,worry
2,6.42783784866333,village,land
2,6.427268028259277,leave,quiet
2,6.427031517028809,take,wife
2,6.424910545349121,cat,snake
2,6.424625396728516,say,house
2,6.423309326171875,husband,old
2,6.422889232635498,change,pull
2,6.420492172241211,drink,smoke
2,6.42015266418457,hold,cut
2,6.41943883895874,stinking,dirty
2,6.419162750244141,stand,woman
2,6.417593955993652,love,mother
2,6.4170451164245605,kiss,lick
2,6.416174411773682,frost,fog
2,6.4155049324035645,thing,business
2,6.413825035095215,split,wrap
2,6.413290023803711,spirit,life
2,6.412252426147461,come,this
2,6.411961078643799,part,sister
2,6.411680698394775,turn,wash
2,6.411332130432129,get,change
2,6.411040782928467,high,many
2,6.410153388977051,answer,meet
2,6.410007476806641,walk,piss
2,6.408874988555908,bay,island
2,6.4061503410339355,walk,choose
2,6.40466833114624,dry,clean
2,6.403266906738281,know,wise
2,6.402677536010742,neighbour,relatives
2,6.401278972625732,try,cook
2,6.400401592254639,burn,hold
2,6.39851188659668,hold,speak
2,6.398390769958496,come,i
2,6.397005558013916,spin,pull
2,6.396152973175049,roll,squeeze
2,6.3935441970825195,people,parents
2,6.392807960510254,try,cut
2,6.391601085662842,cheap,enough
2,6.391183376312256,they,cut
2,6.3890275955200195,walk,shit
2,6.385044574737549,some,until
2,6.383182525634766,cow,snake
2,6.382166385650635,laugh,hide
2,6.3817644119262695,again,ask
2,6.381641387939453,play,say
2,6.377264499664307,chin,shin
2,6.376871109008789,give,eat
2,6.375568866729736,grandmother,woman
2,6.3755412101745605,master,yes
2,6.3753228187561035,wet,smell
2,6.3718342781066895,walk,same
2,6.371036052703857,fat,body
2,6.3709282875061035,come,work
2,6.370236873626709,clean,wipe
2,6.370003700256348,sell,share
2,6.369668006896973,girl,face
2,6.3696465492248535,sit,speak
2,6.369381427764893,drive,last
2,6.3691277503967285,star,red
2,6.366766929626465,forget,err
2,6.366751194000244,leave,eat
2,6.366633892059326,name,head
2,6.366357803344727,meat,rat
2,6.365387916564941,valley,field
2,6.363808631896973,candle,lamp
2,6.363453388214111,near,early
2,6.362677574157715,jump,stretch
2,6.362586498260498,they,far
2,6.362074375152588,hold,learn
2,6.361583232879639,name,mother
2,6.357037544250488,high,look
2,6.356453895568848,see,choose
2,6.353994846343994,grandson,son-in-law
2,6.353522777557373,go,pull
2,6.353165149688721,bad,your
2,6.351762771606445,flat,thin
2,6.350632190704346,low,full
2,6.347191333770752,new,not
2,6.346993446350098,bite,scratch
2,6.346700668334961,skin,black
2,6.344442844390869,inside,steal
2,6.342278957366943,many,teach
2,6.341196537017822,walk,day
2,6.335292339324951,six,there
2,6.333286285400391,wash,scratch
2,6.332449913024902,roof,lid
2,6.332339763641357,carry,sit
2,6.3307881355285645,leave,cook
2,6.330755710601807,sun,sand
2,6.328542709350586,fall,bring
2,6.3260178565979,bad,broken
2,6.322856426239014,try,speak
2,6.3227152824401855,where,four
2,6.322563648223877,come,happen
2,6.3206000328063965,near,catch
2,6.320350646972656,shoot,sick
2,6.3202433586120605,kill,man
2,6.318596839904785,drunk,not
2,6.317915439605713,edge,tip
2,6.316847801208496,if,mother
2,6.315915107727051,meet,fight
2,6.3142266273498535,mix,spin
2,6.314100742340088,hit,not
2,6.313194274902344,yes,your
2,6.311748504638672,side,area
2,6.311562538146973,steal,knock
2,6.311156272888184,sick,lame
2,6.310706615447998,say,pull
2,6.3095293045043945,throw,sell
2,6.3083953857421875,deep,rough
2,6.307923316955566,push,choose
2,6.307042121887207,clear,white
2,6.303513050079346,cart,machine
2,6.303070545196533,circle,spin
2,6.302420139312744,part,brother
2,6.3020172119140625,taste,feel
2,6.300389766693115,try,piss
2,6.2986249923706055,count,choose
2,6.297618865966797,niece,child
2,6.296187400817871,leave,become
2,6.296076774597168,leave,night
2,6.291392803192139,new,before
2,6.291217803955078,push,see
2,6.2903265953063965,push,inside
2,6.288546562194824,which,father
2,6.28765344619751,body,self
2,6.282891273498535,near,bad
2,6.280541896820068,second,monday
2,6.2790727615356445,take,husband
2,6.277583599090576,kill,strike
2,6.2773213386535645,send,help
2,6.277265548706055,light,flame
2,6.275442600250244,full,black
2,6.273482799530029,jump,break
2,6.273021221160889,fart,piss
2,6.270036220550537,give,wife
2,6.2691779136657715,at,it
2,6.268907070159912,many,listen
2,6.2681708335876465,give,pull
2,6.265843868255615,try,suck
2,6.265684604644775,old,black
2,6.265293121337891,hold,arm
2,6.2619309425354,count,explain
2,6.2612810134887695,call,shoot
2,6.2566351890563965,say,cut
2,6.256527423858643,line,drop
2,6.24894380569458,head,beside
2,6.246859550476074,blow,wet
2,6.246706485748291,four,break
2,6.246456146240234,get,sleep
2,6.245872497558594,with,brother
2,6.245852947235107,see,laugh
2,6.244581699371338,food,right
2,6.243829250335693,roll,fall
2,6.243812084197998,leave,piss
2,6.241044044494629,try,steal
2,6.23886251449585,thing,voice
2,6.237647533416748,pair,boot
2,6.236164093017578,hold,hard
2,6.235782623291016,dust,cloth
2,6.23560905456543,push,say
2,6.234075546264648,promise,talk
2,6.233384609222412,if,inside
2,6.232729434967041,blow,touch
2,6.231086730957031,change,say
2,6.2288408279418945,shit,cut
2,6.226869583129883,shoot,yes
2,6.224499225616455,coat,blanket
2,6.223689556121826,straight,what
2,6.223067283630371,short,cut
2,6.2228827476501465,rule,government
2,6.222719192504883,few,my
2,6.221902847290039,inside,far
2,6.221172332763672,clear,easy
2,6.218576908111572,choose,turn
2,6.218338489532471,speak,swear
2,6.216070175170898,because,father
2,6.21550178527832,come,not
2,6.215392589569092,push,get
2,6.215101718902588,give,woman
2,6.21328592300415,hit,talk
2,6.213146209716797,forest,garden
2,6.212846279144287,horse,tiger
2,6.212105751037598,ancestors,relatives
2,6.210824966430664,sit,learn
2,6.209820747375488,good,i
2,6.209602355957031,pattern,colorful
2,6.20784330368042,lift,stand
2,6.207489967346191,fish,eat
2,6.206357479095459,and,name
2,6.2036638259887695,board,head
2,6.201874256134033,woman,not
2,6.201400279998779,side,more
2,6.1988606452941895,woman,one
2,6.197865962982178,work,your
2,6.197297096252441,fall,stand
2,6.194828987121582,that,middle
2,6.194709777832031,rule,defend
2,6.194126605987549,get,break
2,6.1939802169799805,who,my
2,6.192835330963135,look,meet
2,6.19120979309082,and,own
2,6.189469337463379,thing,money
2,6.188000202178955,bright,beautiful
2,6.187788486480713,buy,must
2,6.1873016357421875,mother,not
2,6.187119483947754,mother,queen
2,6.186628341674805,steal,own
2,6.185129642486572,sit,left
2,6.184258460998535,leave,speak
2,6.1839070320129395,forbid,threaten
2,6.18386173248291,see,set
2,6.182117938995361,house,yes
2,6.181385040283203,pay,sit
2,6.176975250244141,plain,straight
2,6.169047832489014,cut,think
2,6.168426036834717,big,far
2,6.168424606323242,buy,steal
2,6.1628499031066895,blow,spin
2,6.162722110748291,place,round
2,6.161536693572998,tell,word
2,6.161048889160156,change,try
2,6.159830093383789,grandmother,mother-in-law
2,6.1587300300598145,with,own
2,6.158279895782471,know,drop
2,6.157710552215576,baby,nephew
2,6.155350685119629,burn,blow
2,6.15527868270874,few,sick
2,6.154848098754883,second,and
2,6.152772903442383,go,sit
2,6.1521830558776855,hold,shit
2,6.150500297546387,want,choose
2,6.150257587432861,walk,say
2,6.1499152183532715,say,piss
2,6.149582862854004,long,sweet
2,6.148777008056641,cow,deer
2,6.1485066413879395,lend,owe
2,6.148401737213135,and,sister
2,6.148374557495117,connect,add
2,6.145882606506348,place,year
2,6.145299434661865,big,our
2,6.144994735717773,which,you
2,6.142609596252441,house,not
2,6.142393589019775,get,play
2,6.141066551208496,big,round
2,6.1405181884765625,listen,feel
2,6.137311935424805,push,touch
2,6.1356682777404785,straight,pick
2,6.135549545288086,go,eat
2,6.1341023445129395,neck,knee
2,6.132655143737793,forest,land
2,6.132503032684326,two,friend
2,6.131282806396484,guess,drive
2,6.130730628967285,get,suck
2,6.129121780395508,sit,shit
2,6.12811803817749,shoot,work
2,6.127719879150391,what,mother
2,6.126704692840576,give,heart
2,6.126439094543457,play,there
2,6.126317024230957,board,post
2,6.1255083084106445,look,show
2,6.124339580535889,coat,skirt
2,6.123810768127441,chest,body
2,6.123715400695801,throw,dirty
2,6.1230902671813965,push,fight
2,6.121331214904785,bad,rough
2,6.119406223297119,name,correct
2,6.118824005126953,pull,set
2,6.117647171020508,carry,hide
2,6.115669250488281,fall,walk
2,6.1142191886901855,four,split
2,6.112582206726074,guess,fight
2,6.11050271987915,fall,hit
2,6.109795093536377,regret,admit
2,6.108850955963135,man,old
2,6.108096122741699,hold,answer
2,6.105939865112305,mother,there
2,6.102355003356934,taste,eat
2,6.098978519439697,push,change
2,6.098119735717773,hold,that
2,6.096560955047607,walk,push
2,6.092677116394043,work,you
2,6.090918064117432,only,often
2,6.089114665985107,small,soft
2,6.087634563446045,tall,thick
2,6.087383270263672,ready,end
2,6.087363243103027,give,sit
2,6.085501670837402,be,down
2,6.08512544631958,bay,lake
2,6.084817886352539,few,who
2,6.084232330322266,get,answer
2,6.083032131195068,taste,food
2,6.081924915313721,explain,rule
2,6.081838607788086,carry,keep
2,6.079268932342529,see,stupid
2,6.0763750076293945,put,wash
2,6.074041843414307,lift,beside
2,6.0721516609191895,give,we
2,6.071308612823486,wheel,bicycle
2,6.070872783660889,big,old
2,6.0692548751831055,bad,angry
2,6.068578720092773,round,spin
2,6.063324928283691,pick,break
2,6.061385631561279,mother,my
2,6.060808181762695,leave,steal
2,6.058063507080078,cut,break
2,6.056862831115723,leaf,flower
2,6.054393291473389,go,day
2,6.053224086761475,leave,suck
2,6.050549030303955,dinner,afternoon
2,6.049713134765625,sit,try
2,6.048064231872559,stepmother,daughter-in-law
2,6.044938564300537,place,yes
2,6.043524742126465,true,be
2,6.043248653411865,kick,break
2,6.042372703552246,give,place
2,6.040384769439697,shine,light
2,6.040058135986328,blow,beat
2,6.039798259735107,time,i
2,6.035170555114746,despise,disgrace
2,6.035045623779297,run,cut
2,6.033962249755859,get,close
2,6.033788204193115,late,day
2,6.032581329345703,elbow,neck
2,6.032087802886963,look,black
2,6.024688243865967,say,fight
2,6.018407344818115,shut,left
2,6.017496585845947,hold,call
2,6.016827583312988,they,head
2,6.016630172729492,now,name
2,6.015899181365967,push,sit
2,6.01371431350708,and,at
2,6.010527610778809,part,see
2,6.005761623382568,near,see
2,6.004828929901123,throw,kill
2,6.001143932342529,go,buy
2,5.998575687408447,give,be
2,5.9980058670043945,get,learn
2,5.993189334869385,place,night
2,5.9919114112854,learn,admit
2,5.990403652191162,ugly,sick
2,5.98487663269043,roll,spin
2,5.9840898513793945,wine,liquor
2,5.983405113220215,take,inside
2,5.981842994689941,six,point
2,5.980598449707031,walk,try
2,5.976507186889648,move,bad
2,5.974959373474121,take,sick
2,5.968518257141113,side,and
2,5.966151714324951,soft,wet
2,5.964271545410156,inside,that
2,5.962263584136963,sit,pull
2,5.961187362670898,buy,expensive
2,5.960379600524902,go,my
2,5.958507537841797,throw,jump
2,5.958385467529297,take,cut
2,5.950942039489746,inside,before
2,5.948337554931641,leave,cut
2,5.938323497772217,sixty,seventy
2,5.9381022453308105,want,i
2,5.927793025970459,inside,after
2,5.923765659332275,mother,yes
2,5.922684669494629,horse,monkey
2,5.918983459472656,sausage,meat
2,5.918212413787842,cry,kill
2,5.916379451751709,yellow,grey
2,5.916238784790039,hear,learn
2,5.915503978729248,people,we
2,5.914175510406494,try,yes
2,5.911093711853027,sit,say
2,5.911001205444336,poor,sick
2,5.907026290893555,kick,pick
2,5.906307220458984,wrong,ugly
2,5.9058451652526855,guess,promise
2,5.905761241912842,split,twist
2,5.905513763427734,believe,guess
2,5.90278959274292,lift,pull
2,5.902184009552002,give,head
2,5.901542663574219,girl,female
2,5.897047996520996,village,mountain
2,5.8933563232421875,hold,think
2,5.884860992431641,throw,leave
2,5.88389253616333,walk,pass
2,5.8783488273620605,stand,where
2,5.877028465270996,hear,shit
2,5.8761138916015625,try,pull
2,5.875497817993164,leave,change
2,5.8744215965271,thing,fault
2,5.873166561126709,immediately,often
2,5.865500450134277,name,right
2,5.8651909828186035,many,rest
2,5.865172386169434,beech,pine
2,5.862179279327393,try,catch
2,5.861664772033691,piss,suck
2,5.860057830810547,wife,aunt
2,5.857421398162842,guess,read
2,5.854787826538086,half,twice
2,5.849557876586914,flower,rainbow
2,5.846671104431152,because,kill
2,5.846153259277344,few,meet
2,5.8454718589782715,want,kill
2,5.8390679359436035,throw,push
2,5.834851264953613,stupid,lazy
2,5.834750175476074,liver,kidney
2,5.829441547393799,which,say
2,5.827857494354248,aunt,father
2,5.824079513549805,shout,check
2,5.824073314666748,ugly,weak
2,5.822395324707031,and,behind
2,5.820785999298096,hear,this
2,5.817347526550293,late,lunch
2,5.810398101806641,answer,swear
2,5.79439640045166,beech,birch
2,5.794204235076904,some,which
2,5.78535795211792,thought,meaning
2,5.78501033782959,leave,stand
2,5.783270359039307,this,she
2,5.780903339385986,sell,price
2,5.771968364715576,now,hour
2,5.771600246429443,all,end
2,5.761741638183594,catch,end
2,5.757668495178223,right,house
2,5.7516703605651855,seem,become
2,5.751237869262695,side,near
2,5.749813079833984,tomorrow,good
2,5.749626159667969,wife,grandmother
2,5.7454423904418945,half,up
2,5.745094299316406,steal,kill
2,5.743895053863525,early,sick
2,5.742529392242432,take,pull
2,5.74217414855957,person,not
2,5.738558292388916,enough,often
2,5.7384467124938965,take,play
2,5.730997562408447,cooked,roast
2,5.729763507843018,remember,kill
2,5.725647449493408,come,where
2,5.725406646728516,sit,piss
2,5.723484039306641,hear,answer
2,5.722812175750732,give,suck
2,5.718873500823975,run,leave
2,5.70866584777832,guess,sleep
2,5.7078728675842285,six,ten
2,5.707396984100342,shoulder,chest
2,5.705122947692871,i,this
2,5.704412937164307,throw,down
2,5.7027130126953125,push,give
2,5.70088005065918,hold,there
2,5.695789337158203,find,choose
2,5.693363189697266,enough,look
2,5.683793544769287,conversation,message
2,5.682236194610596,leave,send
2,5.68066930770874,girl,wife
2,5.678159236907959,go,end
2,5.67744779586792,get,hear
2,5.672614574432373,tell,promise
2,5.672138214111328,hold,shut
2,5.670079708099365,all,after
2,5.669270992279053,hold,say
2,5.667435169219971,where,far
2,5.666177749633789,mind,remember
2,5.664918899536133,last,point
2,5.664431571960449,drop,set
2,5.653918743133545,set,check
2,5.645717620849609,mind,reason
2,5.641489505767822,second,until
2,5.638889312744141,we,be
2,5.636078834533691,pine,oak
2,5.62199592590332,work,make
2,5.618514537811279,believe,hope
2,5.616464614868164,get,few
2,5.615987777709961,small,many
2,5.608310222625732,which,yes
2,5.597322463989258,explain,admit
2,5.596550464630127,leave,refuse
2,5.594890117645264,feel,seem
2,5.593074798583984,and,day
2,5.588962554931641,big,good
2,5.588611125946045,with,same
2,5.5819549560546875,know,own
2,5.576838493347168,time,if
2,5.574639797210693,true,where
2,5.574391841888428,know,meet
2,5.569885730743408,what,be
2,5.5692667961120605,leave,try
2,5.565445423126221,cause,you
2,5.564194679260254,throw,give
2,5.559109210968018,go,this
2,5.552422046661377,have,yes
2,5.551035404205322,run,play
2,5.549473285675049,leave,hear
2,5.548767566680908,fight,beat
2,5.546810626983643,get,hit
2,5.544578552246094,see,read
2,5.539740562438965,yesterday,morning
2,5.534407615661621,now,say
2,5.53341007232666,second,behind
2,5.529857158660889,behind,up
2,5.529764652252197,leave,want
2,5.520808219909668,they,one
2,5.51846981048584,now,head
2,5.508458614349365,give,and
2,5.503848552703857,person,that
2,5.503451347351074,more,good
2,5.503272533416748,push,try
2,5.486565113067627,tell,name
2,5.480193614959717,choose,guess
2,5.478909492492676,push,stick
2,5.475889682769775,your,this
2,5.471642971038818,food,breakfast
2,5.469632148742676,get,look
2,5.465339660644531,all,few
2,5.464364051818848,all,two
2,5.463000297546387,see,swear
2,5.459074974060059,bead,bracelet
2,5.450545310974121,behind,end
2,5.450406551361084,get,try
2,5.450035095214844,uncle,sister
2,5.438175201416016,if,after
2,5.436017036437988,we,not
2,5.433951377868652,inside,beside
2,5.424768924713135,give,call
2,5.42280387878418,soon,after
2,5.418408393859863,love,think
2,5.413655757904053,pull,turn
2,5.403756141662598,drunk,mad
2,5.401315689086914,hear,speak
2,5.391756534576416,many,bad
2,5.389078617095947,leave,sit
2,5.3837666511535645,take,yes
2,5.381457328796387,coconut,lime
2,5.3787665367126465,guess,admit
2,5.378215789794922,push,put
2,5.376016616821289,get,say
2,5.3699750900268555,who,someone
2,5.3675127029418945,two,think
2,5.361579895019531,they,this
2,5.35098123550415,i,like
2,5.349981307983398,far,there
2,5.3469109535217285,take,my
2,5.345419406890869,i,that
2,5.341904163360596,bad,hate
2,5.3407135009765625,again,other
2,5.329202651977539,read,think
2,5.322823524475098,if,i
2,5.319566249847412,big,one
2,5.3127760887146,some,two
2,5.3054304122924805,again,break
2,5.304867744445801,yellow,black
2,5.301784515380859,why,one
2,5.295731544494629,near,where
2,5.287468910217285,give,good
2,5.284188747406006,want,this
2,5.28100061416626,cause,say
2,5.267219066619873,good,and
2,5.251209259033203,lie,wrong
2,5.2372565269470215,walk,sit
2,5.232677936553955,leave,get
2,5.226856231689453,see,believe
2,5.225999355316162,hear,wait
2,5.216071128845215,nephew,grandson
2,5.207247257232666,take,call
2,5.192906856536865,yesterday,think
2,5.1866350173950195,some,what
2,5.173882961273193,or,where
2,5.165467739105225,talk,not
2,5.16453218460083,cow,pig
2,5.162532806396484,remember,doubt
2,5.161888599395752,that,your
2,5.149490833282471,say,call
2,5.133057594299316,take,work
2,5.124731063842773,find,guess
2,5.117254734039307,give,where
2,5.116090774536133,trousers,skirt
2,5.108725547790527,put,see
2,5.103381633758545,yesterday,afternoon
2,5.092277526855469,see,good
2,5.078920841217041,up,after
2,5.064927101135254,long,last
2,5.02058219909668,now,good
2,5.02012300491333,more,other
2,5.018263339996338,bring,find
2,5.011563301086426,hear,say
2,5.00954532623291,take,find
2,4.986431121826172,now,you
2,4.985083103179932,dumb,fool
2,4.980409622192383,doubt,think
2,4.976564884185791,believe,remember
2,4.9716973304748535,hear,think
2,4.969380855560303,remember,yes
2,4.967288970947266,and,still
2,4.964053630828857,end,after
2,4.956654071807861,go,see
2,4.939226150512695,one,this
2,4.932289123535156,and,what
2,4.923616409301758,good,what
2,4.921883583068848,be,there
2,4.889775276184082,some,other
2,4.889277935028076,now,yes
2,4.888373851776123,white,green
2,4.881572246551514,understand,guess
2,4.874159336090088,now,because
2,4.870513439178467,now,if
2,4.870251178741455,guess,say
2,4.853465557098389,end,before
2,4.84902286529541,say,not
2,4.843146800994873,know,one
2,4.828514099121094,leave,put
2,4.823531627655029,look,know
2,4.791930675506592,and,other
2,4.781893730163574,give,want
2,4.779660701751709,you,not
2,4.776246547698975,know,or
2,4.770533084869385,because,which
2,4.765474319458008,give,know
2,4.738208770751953,take,there
2,4.693070888519287,only,always
2,4.671764373779297,without,nothing
2,4.656179428100586,father-in-law,mother-in-law
2,4.608513355255127,take,think
2,4.608479976654053,give,if
2,4.5948615074157715,now,and
2,4.544125556945801,get,know
2,4.515460968017578,hope,think
2,4.4936394691467285,if,where
2,4.482811450958252,look,think
2,4.456399917602539,behind,inside
2,4.454641819000244,see,if
2,4.450316429138184,know,who
2,4.4044036865234375,want,if
2,4.363974094390869,today,day
2,4.2989630699157715,there,other
2,4.235918998718262,understand,think
2,4.2107086181640625,again,before
2,4.184378147125244,what,this
2,4.049613952636719,say,think
2,4.030650615692139,this,it
2,3.906977653503418,january,april
2,3.7120752334594727,bracelet,necklace
2,2.9420268535614014,monday,thursday
2,2.9339189529418945,monday,wednesday
2,1.9589507579803467,tuesday,thursday
