0.7889922261238098,tuesday,wednesday,2
0.949694037437439,tuesday,thursday,2
0.9929142594337463,monday,tuesday,2
1.024237871170044,wednesday,thursday,4
1.0821725130081177,monday,thursday,2
1.1578997373580933,monday,wednesday,2
1.2917197942733765,three,four,5
1.4689514636993408,five,six,3
1.6005216836929321,four,five,11
1.6348880529403687,eight,nine,2
1.8727333545684814,two,three,3
1.9293876886367798,second,third,3
2.0700953006744385,july,august,2
2.072660446166992,four,eight,3
2.0808582305908203,january,april,2
2.1619842052459717,often,sometimes,3
2.4021942615509033,two,four,2
2.6437997817993164,father-in-law,son-in-law,14
2.6437997817993164,father-in-law,son-in-law,15
2.6437997817993164,father-in-law,son-in-law,27
2.6437997817993164,son-in-law,father-in-law,12
2.6647441387176514,sixteen,seventeen,9
2.9822652339935303,know,think,3
2.9822652339935303,know,think,3
2.9822652339935303,know,think,6
2.9895594120025635,how,what,47
3.0249197483062744,what,why,19
3.1520462036132812,husband,wife,108
3.15299391746521,before,after,3
3.1612555980682373,sixty,seventy,2
3.161494731903076,eighty,ninety,3
3.2313220500946045,thirty,eighty,2
3.277560234069824,go,come,25
3.3309619426727295,buy,sell,25
3.336104393005371,daughter-in-law,mother-in-law,14
3.336104393005371,mother-in-law,daughter-in-law,12
3.336104393005371,mother-in-law,daughter-in-law,14
3.336104393005371,mother-in-law,daughter-in-law,16
3.3368654251098633,granddaughter,niece,52
3.34407639503479,only,one,75
3.3489840030670166,how,why,42
3.3573265075683594,few,some,38
3.432974338531494,this,it,2
3.443575620651245,grandmother,aunt,9
3.4692938327789307,understand,know,96
3.5200366973876953,nephew,cousin,9
3.5701794624328613,take,give,24
3.5724174976348877,time,when,7
3.5770905017852783,grandmother,mother,9
3.577698230743408,what,say,3
3.5846383571624756,wife,daughter,3
3.5931360721588135,grandfather,father,6
3.593848943710327,because,if,14
3.5964579582214355,twelve,seventeen,2
3.632488250732422,grandson,nephew,58
3.632488250732422,nephew,grandson,2
3.644780158996582,never,not,3
3.6495957374572754,two,seven,4
3.6496078968048096,tell,ask,2
3.6501545906066895,understand,explain,3
3.653766393661499,grandson,grandfather,7
3.65690279006958,this,that,73
3.664252519607544,believe,think,4
3.664252519607544,believe,think,26
3.671942710876465,come,bring,7
3.6790611743927,think,thought,4
3.692962408065796,that,it,14
3.6991872787475586,week,friday,15
3.704414129257202,last,after,6
3.7068583965301514,thing,what,12
3.7108633518218994,want,do,5
3.7376387119293213,come,know,3
3.7429842948913574,girl,boy,27
3.7441775798797607,nephew,uncle,5
3.747093439102173,want,think,3
3.747093439102173,want,think,4
3.7607014179229736,because,what,7
3.764685869216919,begin,start,4
3.7727785110473633,afternoon,evening,16
3.780921220779419,grandfather,uncle,5
3.783133029937744,ankle,knee,3
3.797769069671631,immediately,soon,31
3.7981274127960205,uncle,brother,19
3.808350086212158,get,want,4
3.814863681793213,believe,know,6
3.823519229888916,because,when,4
3.8292906284332275,nine,ten,2
3.8615777492523193,they,we,2
3.865025043487549,know,guess,5
3.8704538345336914,one,two,3
3.8724334239959717,grandson,granddaughter,133
3.8742215633392334,similar,same,6
3.8768413066864014,cousin,brother,29
3.8825747966766357,want,say,4
3.8869404792785645,come,get,12
3.89814829826355,again,before,2
3.9116342067718506,because,why,13
3.914292335510254,remain,remains,7
3.9162752628326416,six,ten,2
3.9262166023254395,my,your,6
3.9262166023254395,my,your,11
3.9335319995880127,come,happen,2
3.936105728149414,nephew,niece,82
3.9438774585723877,today,here,3
3.9459304809570312,want,need,11
3.971034049987793,stepson,stepdaughter,45
3.977459192276001,what,this,2
3.982534646987915,get,know,2
3.9962496757507324,not,nothing,3
3.9975807666778564,go,take,2
3.9979043006896973,give,want,2
3.9996097087860107,know,remember,3
4.004547119140625,always,never,12
4.0177459716796875,some,other,2
4.021899700164795,give,put,18
4.022344589233398,get,give,3
4.027944564819336,guess,think,26
4.027944564819336,guess,think,31
4.032862186431885,what,not,4
4.045803546905518,gold,silver,4
4.048573970794678,first,one,2
4.050235748291016,come,say,5
4.05212926864624,understand,learn,6
4.061923503875732,night,evening,54
4.0639519691467285,what,we,3
4.0639519691467285,what,we,5
4.067182540893555,say,think,2
4.067182540893555,say,think,5
4.071281433105469,come,see,3
4.095590114593506,come,give,6
4.098909854888916,come,not,2
4.102315425872803,daughter-in-law,son-in-law,21
4.102315425872803,daughter-in-law,son-in-law,24
4.102315425872803,son-in-law,daughter-in-law,15
4.102315425872803,son-in-law,daughter-in-law,23
4.110050678253174,now,because,2
4.116795539855957,hear,listen,107
4.12259578704834,say,they,3
4.125303268432617,come,here,4
4.126186370849609,father,uncle,10
4.128334045410156,want,ask,15
4.1401801109313965,again,back,3
4.141992568969727,one,this,2
4.144355297088623,east,west,2
4.156350612640381,because,which,2
4.15644645690918,uncle,cousin,5
4.16374397277832,come,this,2
4.1698689460754395,no,not,45
4.171947002410889,learn,teach,81
4.177055358886719,son,daughter,37
4.177779674530029,we,you,7
4.177779674530029,we,you,10
4.177779674530029,we,you,11
4.177779674530029,you,we,2
4.178347110748291,husband,father,9
4.1794562339782715,i,we,4
4.1794562339782715,i,we,10
4.1794562339782715,i,we,31
4.185539722442627,son,nephew,13
4.191534042358398,say,not,2
4.1968770027160645,nephew,son-in-law,3
4.1968770027160645,nephew,son-in-law,5
4.202231407165527,north,south,17
4.2093186378479,niece,cousin,10
4.2182512283325195,begin,beginning,3
4.222427845001221,what,when,5
4.223934173583984,now,today,44
4.224335193634033,understand,think,2
4.224335193634033,understand,think,4
4.225670337677002,winter,summer,4
4.230538368225098,daughter,niece,16
4.250335693359375,daughter-in-law,father-in-law,13
4.250335693359375,father-in-law,daughter-in-law,3
4.250335693359375,father-in-law,daughter-in-law,6
4.250335693359375,father-in-law,daughter-in-law,6
4.253043174743652,again,after,4
4.25338888168335,mother,sister,3
4.254088878631592,they,that,5
4.260044574737549,go,if,4
4.260486125946045,week,sunday,14
4.260614395141602,see,look,121
4.261105537414551,bring,put,3
4.262569904327393,not,without,3
4.265545845031738,few,one,7
4.26594877243042,come,leave,2
4.2739458084106445,father,mother,7
4.276927471160889,take,want,4
4.280449867248535,want,if,2
4.28864049911499,take,get,94
4.310558795928955,bring,take,17
4.324748992919922,and,other,2
4.328053951263428,keep,put,10
4.341597080230713,many,often,12
4.342318058013916,now,if,2
4.3445916175842285,that,there,41
4.349339485168457,because,how,5
4.350832462310791,look,think,2
4.3520684242248535,bring,want,4
4.355173110961914,i,me,18
4.360454559326172,take,need,5
4.36610746383667,mind,thought,12
4.368090629577637,soon,after,2
4.3741068840026855,father-in-law,mother-in-law,2
4.3741068840026855,father-in-law,mother-in-law,6
4.3741068840026855,father-in-law,mother-in-law,10
4.3741068840026855,father-in-law,mother-in-law,14
4.3741068840026855,mother-in-law,father-in-law,8
4.376936435699463,go,leave,86
4.379446983337402,grandson,son-in-law,2
4.379446983337402,grandson,son-in-law,2
4.383016109466553,aunt,niece,3
4.388181686401367,believe,understand,5
4.408679485321045,say,tell,52
4.409783363342285,look,seem,2
4.410623550415039,go,they,3
4.4125494956970215,more,enough,6
4.415647029876709,one,that,4
4.417111396789551,go,do,2
4.423703670501709,what,one,5
4.426937103271484,now,say,2
4.428525447845459,move,push,2
4.428525447845459,push,move,2
4.433864116668701,week,saturday,7
4.438451290130615,here,there,8
4.440767765045166,bring,give,11
4.4456000328063965,night,afternoon,3
4.446499824523926,only,alone,19
4.448227882385254,where,which,14
4.451146602630615,midday,afternoon,7
4.452327728271484,one,other,4
4.4593682289123535,all,many,47
4.460747241973877,if,when,16
4.461716651916504,afterwards,then,41
4.462491035461426,guess,remember,5
4.463710308074951,now,that,3
4.4639811515808105,first,before,29
4.4687700271606445,look,know,2
4.47166633605957,this,here,100
4.472255229949951,must,necessary,4
4.474529266357422,take,not,4
4.474951267242432,feel,think,2
4.474951267242432,feel,think,3
4.475742340087891,see,know,34
4.478675365447998,this,there,7
4.481906414031982,explain,tell,12
4.486459255218506,find,know,4
4.498854637145996,they,it,2
4.500527381896973,answer,ask,3
4.500527381896973,ask,answer,5
4.50209379196167,without,nothing,2
4.505214691162109,good,very,3
4.51138162612915,move,step,2
4.512439250946045,now,this,11
4.513448715209961,get,find,34
4.515138149261475,go,see,2
4.515212059020996,grandmother,granddaughter,6
4.515522480010986,see,think,4
4.515522480010986,see,think,5
4.522710800170898,and,with,120
4.525511741638184,grandmother,grandparents,3
4.526322364807129,we,not,2
4.529443740844727,grandmother,grandfather,120
4.533014297485352,find,look,4
4.550711631774902,when,where,9
4.552424907684326,believe,hope,2
4.552424907684326,hope,believe,24
4.558643817901611,morning,night,5
4.560598850250244,mind,idea,31
4.564675331115723,mind,reason,2
4.564728736877441,only,hardly,3
4.566875457763672,say,do,3
4.569210529327393,come,where,2
4.569738864898682,first,beginning,3
4.573324203491211,take,hold,49
4.5778021812438965,husband,friend,5
4.578000545501709,bring,find,2
4.579909801483154,if,how,3
4.587291717529297,now,again,3
4.592518329620361,all,few,2
4.596407890319824,person,someone,2
4.59901237487793,many,more,32
4.60595703125,come,good,2
4.606990337371826,explain,answer,4
4.608288288116455,give,if,2
4.6088786125183105,morning,day,2
4.611041069030762,they,their,52
4.613370895385742,where,there,4
4.618084907531738,always,often,20
4.624495506286621,our,we,10
4.624495506286621,we,our,13
4.624495506286621,we,our,75
4.629031658172607,get,do,2
4.630825996398926,time,if,2
4.6386590003967285,that,he,31
4.651986122131348,niece,daughter-in-law,4
4.651986122131348,niece,daughter-in-law,6
4.652615547180176,give,say,6
4.659700870513916,you,your,2
4.659700870513916,you,your,58
4.661940574645996,leave,left,2
4.663850784301758,stepfather,stepmother,4
4.664991855621338,see,if,2
4.666373252868652,how,when,5
4.666574001312256,all,always,3
4.666964530944824,good,what,2
4.671850681304932,think,idea,5
4.671850681304932,think,idea,8
4.672708034515381,feel,know,34
4.672708034515381,know,feel,3
4.673120021820068,early,before,9
4.676632881164551,granddaughter,grandfather,4
4.680586814880371,grandson,niece,20
4.684542179107666,and,where,6
4.686697006225586,time,day,4
4.686697006225586,time,day,17
4.6898512840271,fall,drop,21
4.6898512840271,fall,drop,54
4.692127227783203,car,vehicle,8
4.692265033721924,he,she,61
4.6961894035339355,what,which,28
4.70080041885376,girl,woman,12
4.701949119567871,if,one,3
4.702171802520752,some,what,2
4.702887058258057,put,set,50
4.706579208374023,understand,remember,4
4.706707954406738,mind,think,2
4.706707954406738,mind,think,13
4.70695686340332,tell,answer,4
4.707056522369385,plaintiff,defendant,2
4.7072577476501465,move,come,4
4.710977077484131,move,turn,2
4.712532043457031,do,make,97
4.7128729820251465,they,this,2
4.71470308303833,push,put,2
4.71556282043457,ask,call,4
4.71556282043457,call,ask,12
4.718719005584717,place,time,6
4.72036600112915,ancestors,descendants,5
4.724090099334717,get,keep,3
4.729185104370117,know,learn,57
4.732283115386963,day,afternoon,9
4.734757900238037,get,look,2
4.745450019836426,granddaughter,nephew,23
4.747655868530273,give,know,2
4.74859094619751,go,say,3
4.749180316925049,aunt,mother,13
4.7502617835998535,come,and,7
4.750437259674072,now,soon,11
4.753345489501953,remember,think,6
4.753345489501953,remember,think,9
4.753345489501953,remember,think,20
4.754307746887207,all,already,2
4.755262851715088,niece,stepdaughter,5
4.757906436920166,with,same,2
4.759649753570557,take,that,3
4.760171413421631,summer,autumn,6
4.762922286987305,some,one,7
4.769601345062256,tell,talk,6
4.7756667137146,get,say,2
4.77595853805542,doubt,think,2
4.777546405792236,see,say,3
4.777553081512451,go,turn,2
4.777622699737549,go,bring,3
4.7798027992248535,all,we,2
4.782509803771973,wrong,mistake,33
4.783909320831299,ten,hundred,2
4.786001682281494,why,one,2
4.786951065063477,grandfather,grandparents,5
4.787041664123535,understand,guess,2
4.791987895965576,what,where,6
4.792640209197998,livestock,cattle,81
4.79630184173584,take,find,2
4.7970991134643555,push,pull,7
4.798401832580566,now,here,3
4.804037094116211,and,instead,4
4.8049235343933105,near,where,2
4.808432579040527,up,before,3
4.808849334716797,hard,difficult,22
4.812307834625244,want,try,4
4.812359809875488,what,i,4
4.813449382781982,aunt,uncle,21
4.817747592926025,our,their,11
4.821077346801758,mother-in-law,stepmother,6
4.821077346801758,stepmother,mother-in-law,6
4.826570987701416,say,ask,2
4.826570987701416,say,ask,3
4.830083847045898,only,always,2
4.834146976470947,time,year,3
4.837738037109375,different,other,4
4.847809791564941,again,and,15
4.851334095001221,again,in,7
4.851510047912598,now,and,2
4.8523030281066895,day,one,4
4.863283157348633,granddaughter,daughter-in-law,3
4.863283157348633,granddaughter,daughter-in-law,3
4.864835739135742,bring,get,9
4.8655219078063965,go,follow,2
4.866185188293457,happy,good,4
4.868728160858154,because,after,4
4.870495796203613,small,few,115
4.874255657196045,after,next,2
4.874917030334473,they,one,2
4.876140117645264,want,like,17
4.8814191818237305,day,night,3
4.896695137023926,leave,put,2
4.897335529327393,few,two,6
4.904493808746338,place,put,4
4.905617713928223,father-in-law,grandfather,12
4.905617713928223,grandfather,father-in-law,4
4.905617713928223,grandfather,father-in-law,14
4.9058451652526855,defeat,victory,9
4.906020641326904,early,soon,22
4.9100518226623535,stepfather,stepson,2
4.911495208740234,give,good,2
4.911987781524658,ask,invite,8
4.912074089050293,ask,listen,13
4.914244651794434,word,name,6
4.915897846221924,elbow,knee,47
4.916033744812012,leave,arrive,2
4.9191203117370605,get,see,10
4.920436859130859,last,end,18
4.920436859130859,last,end,19
4.926323413848877,yesterday,afternoon,2
4.928252220153809,mind,remember,2
4.9294657707214355,sit,wait,3
4.929753303527832,hope,think,2
4.930003643035889,leave,want,2
4.935400009155273,some,which,2
4.935949802398682,back,after,2
4.935949802398682,back,after,9
4.938614368438721,more,other,2
4.939780235290527,take,think,2
4.940201759338379,get,ask,3
4.9406914710998535,see,believe,2
4.940908908843994,remember,yes,2
4.942508220672607,wife,grandmother,2
4.943302154541016,change,turn,22
4.943302154541016,turn,change,23
4.944860935211182,get,few,2
4.945135116577148,person,man,199
4.945374965667725,never,no,4
4.946446418762207,you,not,2
4.95004415512085,what,no,3
4.951237678527832,wife,friend,4
4.951954364776611,woman,mother,15
4.954055309295654,court,judge,2
4.9588398933410645,brother,friend,7
4.958937644958496,come,hand,5
4.9601616859436035,again,break,2
4.960371494293213,he,it,32
4.962817192077637,come,hear,2
4.963886737823486,see,we,3
4.963886737823486,see,we,7
4.964949607849121,want,i,2
4.965836048126221,want,hope,3
4.965836048126221,want,hope,9
4.966466903686523,they,you,35
4.969498634338379,today,day,2
4.969498634338379,today,day,3
4.970369338989258,find,understand,4
4.973002910614014,and,one,3
4.973088264465332,one,person,3
4.973609447479248,up,after,2
4.974307537078857,know,one,2
4.97824764251709,push,try,2
4.981049537658691,niece,stepson,2
4.983584880828857,true,truth,9
4.9843878746032715,come,work,2
4.986921310424805,late,after,15
4.987834930419922,cousin,sister,21
4.987887382507324,come,arrive,84
4.989742755889893,seem,think,3
4.989742755889893,seem,think,9
4.9900383949279785,have,be,8
4.994049549102783,brother-in-law,brother,2
4.994123458862305,i,my,63
4.994509696960449,stepmother,daughter-in-law,2
4.998486042022705,mother-in-law,son-in-law,6
4.998486042022705,mother-in-law,son-in-law,8
4.998486042022705,mother-in-law,son-in-law,12
4.998486042022705,son-in-law,mother-in-law,4
5.001492500305176,far,that,14
5.0040602684021,play,game,7
5.009328842163086,find,see,31
5.011275291442871,want,choose,2
5.0155110359191895,enough,look,2
5.0175933837890625,lunch,dinner,20
5.021285057067871,speak,tell,48
5.022189617156982,give,do,13
5.026123523712158,all,two,2
5.0287556648254395,what,be,2
5.030990123748779,where,far,2
5.0319976806640625,believe,guess,2
5.0330963134765625,year,day,3
5.035128116607666,cousin,friend,3
5.036238670349121,take,keep,3
5.03708553314209,get,help,4
5.0377326011657715,they,he,9
5.037927150726318,breakfast,dinner,8
5.043942451477051,go,this,2
5.047026634216309,year,six,8
5.04848051071167,time,month,2
5.048745155334473,white,black,3
5.048986434936523,far,there,2
5.049247741699219,my,me,46
5.049517631530762,hold,keep,52
5.050484657287598,defend,protect,26
5.058188438415527,happy,proud,3
5.062527179718018,son-in-law,stepson,3
5.062527179718018,stepson,son-in-law,3
5.06419563293457,again,still,7
5.067245006561279,flee,escape,44
5.068925380706787,we,that,3
5.068925380706787,we,that,3
5.07224178314209,seven,seventeen,2
5.074237823486328,work,make,2
5.074237823486328,work,make,5
5.087818145751953,how,which,13
5.088402271270752,left,right,2
5.08919095993042,town,village,64
5.089710712432861,guess,say,2
5.090151786804199,father-in-law,uncle,9
5.090151786804199,uncle,father-in-law,5
5.091182708740234,have,get,9
5.091344356536865,already,before,3
5.091798305511475,finger,thumb,4
5.092702388763428,they,far,2
5.093437194824219,how,where,12
5.095010280609131,come,month,2
5.095765590667725,many,not,6
5.097555160522461,daughter-in-law,stepdaughter,4
5.097555160522461,stepdaughter,daughter-in-law,4
5.097772598266602,one,alone,15
5.097949504852295,end,after,2
5.100142955780029,end,before,2
5.101032257080078,come,pull,2
5.102701187133789,aunt,cousin,6
5.10361385345459,go,move,9
5.10361385345459,move,go,23
5.107041358947754,push,want,3
5.114947319030762,come,yes,5
5.115579128265381,what,yes,10
5.1162004470825195,bring,hold,4
5.117335319519043,understand,recognize,2
5.119161605834961,nephew,stepson,3
5.119648456573486,good,and,2
5.120311737060547,cattle,sheep,8
5.120334148406982,keep,own,16
5.124227523803711,see,understand,7
5.129030704498291,enough,ready,3
5.129671573638916,only,often,2
5.1305623054504395,second,behind,2
5.131444931030273,burn,burning,98
5.131444931030273,burning,burn,2
5.131584644317627,carry,bring,56
5.1368608474731445,swear,oath,8
5.136995792388916,explain,say,14
5.137312889099121,grain,wheat,14
5.137572288513184,follow,look,2
5.138590335845947,granddaughter,grandchild,13
5.139749526977539,my,our,22
5.139914512634277,hear,ask,5
5.140964984893799,if,where,2
5.153386116027832,give,now,3
5.153542995452881,crab,lobster,3
5.155985355377197,and,own,2
5.157370567321777,leave,follow,2
5.1577372550964355,which,say,2
5.161261081695557,immediately,suddenly,6
5.162120819091797,and,hand,2
5.162990093231201,we,be,2
5.163080215454102,third,three,9
5.163157939910889,move,change,5
5.163362979888916,stepfather,father,5
5.164364814758301,aunt,sister,16
5.1678972244262695,some,part,11
5.172393321990967,door,window,8
5.177917957305908,all,five,2
5.178215980529785,give,this,3
5.178332805633545,and,still,2
5.179235458374023,pull,turn,2
5.185009479522705,give,see,5
5.185222625732422,big,one,2
5.186100006103516,pair,two,39
5.186863422393799,see,good,2
5.1875481605529785,part,end,4
5.191662311553955,get,try,2
5.192759990692139,take,there,2
5.194209575653076,tell,admit,7
5.194739818572998,push,give,2
5.195904731750488,dog,cat,5
5.196341037750244,preserve,protect,16
5.19745397567749,behind,up,2
5.197834014892578,feel,seem,2
5.200587272644043,fear,danger,48
5.202427387237549,calm,quiet,12
5.202937126159668,move,follow,2
5.203134536743164,put,see,2
5.204774379730225,follow,see,2
5.206984996795654,very,much,4
5.214874744415283,parents,father,2
5.217401504516602,look,understand,4
5.221624851226807,good,easy,4
5.223013401031494,if,yes,7
5.225076675415039,sit,stand,5
5.22572660446167,come,learn,2
5.22951078414917,hear,know,35
5.2299699783325195,move,leave,6
5.22998571395874,if,or,4
5.230494022369385,and,after,4
5.231098175048828,last,late,7
5.23289680480957,say,talk,6
5.234358787536621,our,your,16
5.234358787536621,your,our,4
5.234854221343994,lend,borrow,50
5.2355217933654785,two,twenty,2
5.236665725708008,temples,temple,5
5.23727560043335,say,admit,5
5.240300178527832,know,listen,3
5.243282318115234,come,i,2
5.244702339172363,where,back,5
5.249522686004639,take,choose,7
5.256193161010742,more,often,6
5.257587909698486,feel,understand,14
5.257587909698486,understand,feel,6
5.260215759277344,and,what,2
5.2619194984436035,want,this,2
5.262172698974609,leave,get,2
5.265985488891602,daughter,nephew,5
5.265995025634766,say,call,2
5.269341468811035,winter,autumn,10
5.269476413726807,where,who,4
5.269557952880859,understand,listen,19
5.272513389587402,make,produce,33
5.272539138793945,leave,enter,2
5.272744178771973,speak,talk,54
5.272857189178467,there,other,2
5.273125648498535,half,up,2
5.273714065551758,they,two,5
5.275215148925781,half,twice,2
5.279176235198975,hear,speak,2
5.282088756561279,and,not,2
5.283350944519043,sheep,goat,22
5.28394889831543,be,there,2
5.285326957702637,this,he,11
5.285940647125244,know,who,2
5.289434432983398,give,we,2
5.293068885803223,who,that,2
5.301220893859863,take,pull,2
5.302485466003418,i,like,2
5.302933216094971,believe,remember,2
5.305981159210205,know,clear,3
5.3070969581604,want,idea,4
5.308554172515869,know,admit,8
5.3096466064453125,man,boy,9
5.313127040863037,say,no,2
5.3140387535095215,put,do,2
5.318351745605469,onion,garlic,4
5.318619251251221,go,end,2
5.318843364715576,all,whole,7
5.320287704467773,tomorrow,yesterday,93
5.323159217834473,second,two,6
5.32347297668457,give,call,2
5.324902534484863,person,woman,3
5.326193332672119,believe,admit,6
5.327255725860596,now,good,2
5.3289008140563965,give,and,2
5.329685688018799,give,full,2
5.331572532653809,now,you,2
5.333247184753418,explain,speak,9
5.333472728729248,late,afternoon,37
5.334651947021484,follow,change,2
5.3351311683654785,good,i,2
5.33569860458374,laugh,laughter,9
5.336671352386475,carry,take,54
5.337786674499512,feel,believe,3
5.341210842132568,elbow,wrist,8
5.343705177307129,two,with,6
5.344491958618164,stepmother,stepdaughter,2
5.344697952270508,all,end,2
5.344811916351318,guess,seem,22
5.351723670959473,take,work,2
5.351723670959473,take,work,5
5.354081630706787,behind,back,4
5.354081630706787,behind,back,17
5.354936122894287,leave,say,3
5.355459690093994,come,our,3
5.357741832733154,push,change,2
5.358770370483398,behind,inside,2
5.359383583068848,hand,own,3
5.362367153167725,push,get,2
5.364840507507324,find,guess,2
5.364880084991455,know,difficult,3
5.370697021484375,immediately,instantly,8
5.372527122497559,clever,cunning,2
5.373552322387695,what,who,71
5.37359094619751,say,answer,10
5.3736891746521,speak,ask,4
5.374209403991699,follow,next,2
5.376934051513672,week,seven,11
5.377255916595459,liver,kidney,2
5.378259181976318,and,or,5
5.381065368652344,now,no,2
5.382143974304199,give,pull,2
5.383293151855469,go,sit,2
5.3852739334106445,with,own,2
5.385749816894531,get,understand,3
5.387449741363525,if,i,2
5.388622760772705,clever,smart,3
5.388854503631592,believe,certain,2
5.39220666885376,tobacco,cigarette,13
5.398507118225098,year,seven,2
5.399835109710693,bad,wrong,27
5.400768280029297,and,say,3
5.40266227722168,short,few,10
5.402759552001953,push,urge,5
5.403750896453857,sick,tired,5
5.406618595123291,yesterday,morning,2
5.406835079193115,look,watch,44
5.408214569091797,make,prepare,2
5.411153793334961,place,part,3
5.411489963531494,flow,stream,36
5.414180755615234,first,end,3
5.415181636810303,boat,ship,47
5.417525291442871,that,set,2
5.419198513031006,change,want,2
5.420495510101318,join,rest,2
5.4230265617370605,thought,meaning,2
5.427485942840576,put,cut,2
5.4286298751831055,go,walk,2
5.4286298751831055,walk,go,288
5.437716960906982,many,rest,2
5.4385809898376465,breakfast,lunch,11
5.43859338760376,wife,aunt,2
5.440059185028076,go,pull,2
5.441516399383545,true,good,3
5.443820953369141,have,own,100
5.44539737701416,in,with,6
5.446619033813477,yes,me,5
5.446891784667969,see,seem,6
5.449215888977051,they,hand,2
5.449775695800781,and,behind,2
5.450735569000244,son,niece,5
5.452868938446045,red,yellow,21
5.45491361618042,come,emerge,2
5.4555559158325195,year,summer,20
5.456691265106201,talk,not,2
5.460017681121826,clear,certain,3
5.4601826667785645,elbow,ankle,2
5.461123943328857,come,enter,8
5.4623541831970215,aunt,mother-in-law,6
5.4623541831970215,aunt,mother-in-law,6
5.463198661804199,sister,brother,84
5.464508056640625,some,two,2
5.464691162109375,change,say,2
5.46501350402832,be,become,3
5.467101573944092,build,make,32
5.473257541656494,similar,seem,18
5.473945617675781,take,call,2
5.47695779800415,money,pay,2
5.479670524597168,fight,battle,22
5.480224609375,small,one,15
5.4816131591796875,and,if,15
5.482562065124512,leave,remain,2
5.4828104972839355,talk,conversation,3
5.483975887298584,you,that,7
5.4850640296936035,more,good,2
5.486053943634033,keep,protect,9
5.487556457519531,go,last,7
5.487642288208008,go,hand,2
5.489747524261475,turn,do,2
5.491420745849609,hold,break,2
5.492542743682861,give,here,5
5.49582576751709,seven,hundred,2
5.4972429275512695,sea,ocean,101
5.497799873352051,anxiety,fear,10
5.498597145080566,true,yes,8
5.506186008453369,get,break,2
5.507455825805664,cry,shout,4
5.508998394012451,do,talk,2
5.510313510894775,want,desire,5
5.512840270996094,guess,admit,2
5.515842914581299,few,seven,3
5.5158586502075195,seven,seventy,3
5.517063140869141,because,with,4
5.5180511474609375,and,four,4
5.519020080566406,now,day,3
5.521821975708008,know,right,3
5.5250420570373535,true,clear,3
5.525547981262207,get,own,12
5.5257391929626465,feel,guess,3
5.525934219360352,springtime,autumn,6
5.526525020599365,explain,admit,2
5.527646541595459,parents,relatives,6
5.528219699859619,understand,clear,4
5.532021522521973,see,watch,29
5.532454013824463,hear,answer,2
5.532537937164307,small,some,6
5.533310890197754,leave,pull,2
5.534316539764404,who,father,3
5.5363945960998535,give,yes,6
5.5398101806640625,i,yes,3
5.5400519371032715,hold,that,2
5.540472984313965,go,enter,8
5.5408244132995605,come,their,2
5.542613983154297,push,drive,2
5.543295860290527,edge,corner,15
5.543558597564697,thing,person,3
5.54360818862915,send,help,2
5.543646335601807,ask,write,2
5.544463157653809,push,join,2
5.549153804779053,small,many,2
5.550220012664795,similar,how,3
5.550940990447998,now,yes,2
5.551064968109131,get,full,2
5.551122188568115,big,good,2
5.551732063293457,divide,split,19
5.551776885986328,hand,finger,20
5.553247451782227,many,enough,21
5.556250095367432,early,morning,50
5.556696891784668,go,step,8
5.55756139755249,choose,pick,2
5.558724403381348,again,ask,2
5.559095859527588,separate,split,13
5.55975866317749,father,father-in-law,3
5.55975866317749,father,father-in-law,10
5.55975866317749,father-in-law,father,8
5.560105323791504,try,do,2
5.56039571762085,good,yes,3
5.560606956481934,give,far,4
5.561448574066162,shine,bright,20
5.56149959564209,second,twice,3
5.564067363739014,destroy,kill,7
5.565226078033447,go,clear,2
5.567824840545654,choose,turn,2
5.568781852722168,remember,doubt,2
5.569808483123779,find,choose,2
5.570024490356445,forgive,forget,4
5.570737361907959,think,intend,3
5.5708112716674805,person,not,2
5.572083950042725,joy,happiness,4
5.57248067855835,behind,outside,6
5.573282718658447,try,say,2
5.574192047119141,send,give,3
5.574472427368164,aunt,stepmother,4
5.5744853019714355,sit,ask,2
5.576137065887451,all,after,2
5.577904224395752,come,become,5
5.5806074142456055,carry,put,3
5.581024169921875,get,learn,2
5.581351280212402,big,enough,4
5.584814548492432,sister,friend,5
5.5849199295043945,girl,child,19
5.58523416519165,parents,grandmother,2
5.586124420166016,long,often,2
5.587259769439697,give,me,2
5.5889105796813965,long,many,3
5.589689254760742,know,own,2
5.590847492218018,many,four,4
5.590886116027832,hold,get,10
5.5919342041015625,fall,fell,2
5.595184326171875,come,carry,3
5.597447395324707,follow,and,7
5.599322319030762,grief,anger,3
5.599479675292969,and,afterwards,2
5.60025691986084,go,day,2
5.601053237915039,where,at,3
5.601471424102783,give,stand,4
5.603713035583496,wife,woman,289
5.603756904602051,few,who,2
5.604736328125,give,pay,28
5.606658458709717,hear,see,9
5.607046127319336,vulva,vagina,14
5.607098579406738,and,day,2
5.607321739196777,wide,broad,6
5.607596397399902,look,try,4
5.607893466949463,that,she,7
5.610611438751221,many,hundred,2
5.610635280609131,have,find,3
5.61155891418457,thick,dense,9
5.611886501312256,imitate,resemble,2
5.6134490966796875,know,hand,2
5.614431858062744,arrive,meet,4
5.617130279541016,how,who,3
5.617427349090576,people,person,55
5.619230270385742,push,say,2
5.619661331176758,cause,because,10
5.619930744171143,throw,put,3
5.621133327484131,tell,promise,2
5.621572494506836,time,i,2
5.623891830444336,inside,in,16
5.62500524520874,disappear,forget,2
5.626903533935547,arrive,bring,4
5.627884864807129,leave,refuse,2
5.628290176391602,in,through,2
5.630268096923828,sit,want,3
5.630472183227539,daughter,child,7
5.630472183227539,daughter,child,16
5.632064342498779,learn,ask,2
5.632386207580566,give,big,4
5.6333441734313965,leave,last,3
5.634310722351074,arrive,find,4
5.635339260101318,answer,turn,3
5.63630485534668,shoot,kill,57
5.6371917724609375,side,back,3
5.637619972229004,intention,idea,27
5.639382839202881,now,immediately,32
5.639419078826904,grief,shame,3
5.639838695526123,parents,family,10
5.639913082122803,cooked,chicken,3
5.642754554748535,get,pull,3
5.6433868408203125,many,very,3
5.644962310791016,good,right,26
5.645166397094727,leave,do,2
5.645169258117676,grandmother,grandson,4
5.646561145782471,part,see,2
5.647254943847656,hold,say,2
5.6485676765441895,coconut,mango,5
5.6493239402771,true,certain,37
5.652947902679443,stepfather,uncle,3
5.65413761138916,hold,and,2
5.654797554016113,or,no,2
5.655954837799072,clear,easy,2
5.65662145614624,fall,go,8
5.657306671142578,many,five,5
5.658511638641357,if,after,2
5.659059047698975,bring,send,4
5.669921875,happy,love,4
5.670516014099121,give,place,2
5.670719146728516,similar,if,3
5.670848369598389,father,man,9
5.67164945602417,try,pull,2
5.671730041503906,true,be,2
5.675404071807861,speak,answer,6
5.676027297973633,new,now,6
5.676879405975342,bring,gather,2
5.678849697113037,last,behind,13
5.67958927154541,hold,own,22
5.683140277862549,give,permit,7
5.683266639709473,admit,yes,3
5.68327522277832,early,immediately,10
5.685706615447998,penis,testicles,6
5.687932014465332,want,pull,3
5.6882100105285645,this,me,2
5.688574314117432,strong,solid,8
5.689046382904053,true,very,2
5.689087867736816,thing,place,2
5.689556121826172,fall,they,3
5.690711975097656,say,promise,8
5.691038608551025,time,hour,33
5.6917548179626465,enough,full,3
5.693053245544434,which,who,41
5.694461822509766,child,boy,9
5.694461822509766,child,boy,10
5.694461822509766,child,boy,68
5.696164131164551,get,answer,2
5.703848838806152,west,north,3
5.704753875732422,many,difficult,3
5.704934120178223,one,night,3
5.705003261566162,wheat,barley,15
5.705140113830566,big,see,3
5.706851959228516,fall,tumble,41
5.710497856140137,get,change,2
5.710799694061279,trousers,skirt,2
5.711529731750488,thing,some,9
5.711745262145996,good,where,3
5.712045669555664,hear,say,2
5.712185382843018,where,from,10
5.712218284606934,second,and,2
5.712617874145508,behind,beside,4
5.7132086753845215,speak,word,20
5.713644027709961,fall,bring,2
5.714146614074707,similar,manner,4
5.7146315574646,take,lead,4
5.7147698402404785,hear,understand,52
5.714775562286377,side,and,2
5.714992523193359,dawn,morning,26
5.716006278991699,mind,meaning,6
5.717927932739258,long,far,68
5.719096660614014,leave,stand,2
5.719537734985352,fall,break,6
5.7208356857299805,give,where,2
5.721255302429199,other,next,6
5.7214813232421875,part,half,22
5.723997592926025,speak,say,196
5.724012851715088,give,lend,17
5.724998950958252,no,yes,5
5.725175380706787,ready,good,6
5.727033615112305,have,hold,20
5.728137969970703,in,from,3
5.728597164154053,near,beside,84
5.729662895202637,you,our,4
5.732538223266602,skirt,dress,22
5.733044147491455,drink,beverage,11
5.733250141143799,carry,give,6
5.733391761779785,stand,they,4
5.73696231842041,say,i,6
5.742217063903809,female,woman,109
5.742217063903809,woman,female,7
5.742217063903809,woman,female,59
5.743757724761963,thigh,knee,2
5.743997573852539,and,no,10
5.7457356452941895,leave,disappear,7
5.747000694274902,long,last,2
5.747260093688965,happy,like,20
5.747729301452637,give,month,2
5.747730731964111,love,good,7
5.748517036437988,place,year,2
5.748532772064209,they,she,4
5.748798847198486,more,again,9
5.749342918395996,you,no,2
5.749958515167236,hold,ask,2
5.750361919403076,edge,side,50
5.750696182250977,where,four,2
5.751843452453613,hear,wait,2
5.752223491668701,physician,nurse,3
5.7525129318237305,meal,eat,34
5.75285005569458,i,this,2
5.753668785095215,leave,sit,2
5.756882667541504,chest,stomach,4
5.758019924163818,hurry,soon,3
5.758092880249023,hear,want,3
5.758355617523193,side,part,15
5.760100841522217,hard,certain,3
5.763175964355469,give,be,2
5.763303279876709,day,two,3
5.763755798339844,daughter,stepdaughter,4
5.763993263244629,enough,often,2
5.764087677001953,meal,dinner,23
5.764254093170166,bake,oven,8
5.765169620513916,mind,intention,6
5.765741348266602,outside,up,5
5.76654577255249,six,back,2
5.767058849334717,want,use,3
5.76793909072876,want,speak,5
5.7684125900268555,clothes,dress,26
5.7689995765686035,seem,become,2
5.769635200500488,hold,pull,4
5.7723708152771,have,hand,9
5.773289680480957,follow,pursue,49
5.773849010467529,tomorrow,morning,42
5.776129245758057,twice,two,4
5.777319431304932,good,benefit,2
5.777470111846924,do,work,15
5.777470111846924,work,do,12
5.777905464172363,big,far,2
5.779687404632568,god,heaven,3
5.779688835144043,late,day,2
5.780670166015625,give,sell,25
5.782726287841797,girl,daughter,189
5.7833452224731445,bright,light,2
5.7833452224731445,bright,light,3
5.7833452224731445,bright,light,83
5.7833452224731445,light,bright,48
5.784125328063965,enter,choose,2
5.787280082702637,have,in,11
5.787447452545166,part,piece,24
5.788204193115234,leave,change,2
5.789483070373535,six,that,2
5.789823055267334,hand,arm,294
5.7917375564575195,because,inside,3
5.7923583984375,give,their,4
5.7926459312438965,she,it,30
5.792755126953125,leave,send,2
5.794001579284668,clear,try,2
5.796084403991699,give,speak,3
5.796438217163086,carry,hold,13
5.797846794128418,have,keep,17
5.7978973388671875,time,summer,2
5.800513744354248,relatives,family,33
5.802781581878662,follow,arrive,4
5.8028483390808105,come,approach,6
5.8033366203308105,hold,there,2
5.80476713180542,side,half,27
5.805160999298096,leave,inside,3
5.8058390617370605,inside,beside,2
5.806233882904053,rest,recover,3
5.807478904724121,leave,try,2
5.8093976974487305,see,feel,4
5.810457706451416,stepmother,mother,3
5.812405586242676,send,put,4
5.812807083129883,give,hear,11
5.812946319580078,inside,up,3
5.81326961517334,arrive,enter,4
5.8134965896606445,believe,suspect,2
5.813658714294434,turn,fill,2
5.814334392547607,place,inside,3
5.8146514892578125,tomorrow,day,4
5.816391468048096,woman,one,2
5.817695617675781,grandmother,mother-in-law,2
5.817695617675781,grandmother,mother-in-law,11
5.817695617675781,grandmother,mother-in-law,15
5.818414688110352,hold,last,2
5.818572521209717,speak,read,2
5.819413661956787,look,check,7
5.823190689086914,east,south,2
5.823700904846191,give,buy,2
5.823796272277832,push,they,2
5.8258585929870605,language,word,148
5.827444553375244,first,until,4
5.828828811645508,push,squeeze,10
5.8299431800842285,immediately,today,3
5.8321452140808105,clothes,wear,3
5.833759307861328,place,night,2
5.834525108337402,son,stepson,4
5.834645748138428,last,point,2
5.834914684295654,lift,pull,2
5.835302829742432,inside,that,2
5.836182594299316,slow,slowly,2
5.837395191192627,part,remains,2
5.837834358215332,enter,begin,3
5.838428974151611,late,back,3
5.838988780975342,place,home,2
5.839148998260498,push,see,2
5.8404412269592285,hinder,disturb,17
5.840622425079346,who,someone,2
5.8409271240234375,good,help,2
5.842049598693848,bright,yellow,10
5.842118740081787,people,we,2
5.845739841461182,soon,instantly,3
5.846095561981201,go,inside,2
5.847433090209961,sharp,drop,2
5.847823143005371,cook,fry,2
5.850958824157715,uncle,sister,2
5.852802753448486,book,write,2
5.853522300720215,month,wait,3
5.855414390563965,person,he,3
5.855473518371582,love,like,39
5.8557329177856445,lift,put,3
5.85578727722168,many,no,2
5.858428478240967,bright,beautiful,2
5.858943462371826,take,play,2
5.8596110343933105,keep,defend,18
5.862992286682129,steep,slope,9
5.863966464996338,name,surname,8
5.864262580871582,ask,read,3
5.865508556365967,eat,drink,125
5.866086959838867,one,friend,3
5.866373538970947,thing,which,4
5.867559909820557,come,build,2
5.867574691772461,shame,fear,3
5.8678083419799805,fall,push,2
5.868181228637695,laugh,smile,59
5.86921501159668,early,three,19
5.869230270385742,until,back,4
5.869823932647705,vegetables,fruit,55
5.873039722442627,paper,newspaper,2
5.873210906982422,choose,guess,2
5.873414516448975,put,build,5
5.873547554016113,dinner,evening,3
5.873987674713135,hear,think,2
5.873987674713135,hear,think,4
5.873987674713135,hear,think,14
5.875082015991211,pay,wages,7
5.8751139640808105,corpse,carcass,11
5.875333786010742,near,close,3
5.875420570373535,ready,end,2
5.878544807434082,now,name,2
5.882329940795898,answer,admit,4
5.882381439208984,carry,keep,2
5.884472846984863,who,person,8
5.884753227233887,mouth,tongue,3
5.886541366577148,good,healthy,21
5.887007236480713,damage,severe,3
5.887824058532715,become,own,5
5.88931131362915,two,back,2
5.889379024505615,blue,purple,2
5.8894524574279785,person,that,2
5.88956356048584,send,take,3
5.890700340270996,i,that,2
5.892236709594727,big,many,41
5.893285274505615,father-in-law,stepfather,6
5.893285274505615,stepfather,father-in-law,7
5.893291473388672,come,fill,2
5.895453453063965,late,night,7
5.896454334259033,call,own,2
5.897702693939209,bad,difficult,3
5.8986382484436035,look,show,2
5.900783061981201,run,come,3
5.902477741241455,husband,marry,5
5.902676105499268,feel,idea,2
5.902899742126465,enter,want,2
5.904621601104736,walk,come,16
5.9062700271606445,move,work,2
5.90670108795166,walk,sit,2
5.9077372550964355,widower,widow,53
5.908187389373779,again,other,2
5.908711910247803,sit,look,3
5.908837795257568,late,evening,7
5.909639358520508,son,boy,159
5.911022186279297,young,boy,9
5.91356897354126,nose,forehead,2
5.913792133331299,look,notice,3
5.914127349853516,leave,flee,6
5.914207935333252,hear,believe,3
5.915243625640869,see,try,3
5.915956497192383,place,side,2
5.916516304016113,arrive,join,2
5.918962001800537,aunt,father,2
5.921047687530518,see,read,2
5.922019958496094,stand,where,2
5.922475814819336,bad,ugly,51
5.923286437988281,grandson,grandchild,18
5.925718307495117,grief,anxiety,16
5.926252841949463,leave,night,2
5.9271697998046875,be,in,3
5.92786169052124,good,change,2
5.929489612579346,proud,boast,15
5.9304680824279785,turn,translate,13
5.932465076446533,get,buy,27
5.933262825012207,true,where,2
5.933746337890625,six,there,2
5.934598445892334,big,more,6
5.934749126434326,immediately,day,2
5.93540096282959,answer,promise,11
5.936226844787598,carry,own,3
5.937696933746338,get,hear,2
5.9380903244018555,shoulder,neck,2
5.942959308624268,touch,feel,24
5.943338394165039,deny,refuse,121
5.944675922393799,whale,shark,13
5.947669506072998,imitate,explain,2
5.948822498321533,where,six,2
5.949639320373535,side,left,2
5.949872970581055,beard,moustache,12
5.951885223388672,keep,last,2
5.95263671875,keep,preserve,146
5.952754974365234,leave,push,3
5.955319404602051,pointed,head,2
5.955572128295898,here,at,6
5.957120418548584,send,push,4
5.957124710083008,attack,ambush,2
5.957597255706787,have,i,5
5.957647323608398,wrong,difficult,3
5.95765495300293,come,man,2
5.957953929901123,feel,admit,3
5.95865535736084,young,girl,2
5.959157466888428,daughter,woman,21
5.960621356964111,short,some,2
5.960831642150879,carry,push,3
5.961720943450928,cloth,wool,3
5.962118148803711,slow,because,2
5.96476936340332,ancestors,grandfather,3
5.964934825897217,mind,spirit,7
5.9654541015625,bracelet,necklace,2
5.965529441833496,change,do,3
5.9662580490112305,king,queen,15
5.966781139373779,sibling,sister,95
5.96763801574707,take,build,2
5.968959808349609,believe,listen,3
5.969618320465088,hard,happy,2
5.969857692718506,wife,marry,3
5.969913005828857,regret,admit,2
5.971234321594238,teach,preach,7
5.971587181091309,take,handle,2
5.9725871086120605,enter,push,3
5.9727864265441895,fear,threaten,2
5.9727864265441895,fear,threaten,2
5.974507808685303,learn,admit,2
5.974769115447998,throw,pull,4
5.9760661125183105,baby,child,9
5.9760661125183105,baby,child,22
5.9760661125183105,baby,child,118
5.976368427276611,beech,birch,2
5.976532936096191,push,cut,3
5.976972579956055,write,make,2
5.9770989418029785,buy,want,5
5.977130889892578,turn,twist,3
5.977130889892578,turn,twist,5
5.977130889892578,turn,twist,10
5.979405403137207,happen,emerge,2
5.979568004608154,side,behind,3
5.979711055755615,dolphin,whale,12
5.980037212371826,behind,after,77
5.981987953186035,ancestors,grandparents,3
5.982333660125732,come,grow,2
5.983816623687744,pair,they,2
5.984156608581543,build,produce,17
5.985292911529541,soul,mind,19
5.985923767089844,hurry,urge,3
5.986751556396484,country,day,2
5.987064838409424,get,choose,5
5.9882001876831055,yellow,blue,6
5.989645481109619,learn,read,62
5.990880966186523,meal,breakfast,4
5.992182731628418,new,before,2
5.99272346496582,long,length,4
5.995230197906494,fall,say,2
5.997812271118164,if,in,3
5.998984336853027,murder,crime,3
5.998991012573242,groan,shriek,12
5.9991631507873535,name,one,12
5.999775409698486,people,country,5
5.99980354309082,leave,cut,2
6.000614643096924,stove,fireplace,28
6.001578330993652,carry,pull,6
6.002101421356201,guilty,defendant,4
6.002323150634766,thing,work,7
6.005825519561768,inside,before,2
6.008817672729492,girl,baby,7
6.0093183517456055,guess,read,2
6.011641979217529,rise,up,2
6.011748790740967,tomorrow,good,2
6.012216567993164,inside,far,2
6.013197422027588,pointed,sharp,122
6.013233661651611,many,ten,3
6.01425313949585,know,recognize,12
6.015071868896484,meal,lunch,10
6.015322685241699,all,until,8
6.0159173011779785,cousin,sibling,24
6.018990993499756,hand,thumb,5
6.02064847946167,spring,well,17
6.0207695960998535,get,sell,2
6.022036075592041,choose,try,3
6.022111415863037,fall,cut,2
6.022111415863037,fall,cut,3
6.0228424072265625,behind,before,3
6.023237705230713,carry,get,18
6.023865699768066,outside,back,6
6.025078773498535,promise,talk,2
6.026206016540527,always,last,4
6.0278472900390625,darkness,dark,40
6.027900218963623,bad,mistake,5
6.029839515686035,grandmother,woman,2
6.031807899475098,thing,word,6
6.033010959625244,wife,daughter-in-law,8
6.033692359924316,cheap,easy,24
6.034062385559082,teach,tell,6
6.035794258117676,cover,turn,2
6.038992881774902,go,my,2
6.041389465332031,get,play,2
6.04220724105835,where,father,3
6.0437211990356445,hold,hard,2
6.044648170471191,hold,think,2
6.044795989990234,take,yes,2
6.046299457550049,market,price,2
6.047036647796631,your,their,6
6.047036647796631,your,their,73
6.048295974731445,tell,word,2
6.048349380493164,remain,become,6
6.048370361328125,frog,toad,5
6.051183700561523,do,use,4
6.053233623504639,livestock,sheep,4
6.054113388061523,hear,learn,2
6.054177284240723,put,remain,3
6.054487705230713,edge,up,2
6.05463171005249,see,check,4
6.055239200592041,carry,want,2
6.058717250823975,short,cut,2
6.060665607452393,hold,call,2
6.06127405166626,take,catch,53
6.063326358795166,arrive,turn,2
6.064059257507324,and,yes,4
6.064896583557129,season,year,8
6.065732955932617,hold,do,3
6.068477153778076,bring,preserve,2
6.068672180175781,there,at,10
6.072627544403076,four,break,2
6.072838306427002,place,round,2
6.074391841888428,come,drive,2
6.075084686279297,love,want,40
6.075984001159668,know,wise,2
6.077646732330322,get,sit,3
6.078132152557373,paint,painting,13
6.078981876373291,where,until,4
6.080099582672119,dark,black,95
6.080784797668457,set,prepare,2
6.082304954528809,intestines,stomach,16
6.082833290100098,often,soon,2
6.083247184753418,danger,need,3
6.08385705947876,leave,become,2
6.085783004760742,soon,short,3
6.0858893394470215,husband,son-in-law,7
6.0871663093566895,get,catch,19
6.087613105773926,side,right,2
6.08888053894043,work,you,2
6.090372562408447,beard,hair,3
6.090372562408447,beard,hair,5
6.090585708618164,mind,heart,11
6.090912818908691,carpenter,blacksmith,2
6.091177940368652,love,think,2
6.091177940368652,love,think,2
6.091177940368652,love,think,3
6.091211795806885,fall,slip,3
6.09185266494751,new,again,4
6.092036247253418,see,show,2
6.0964436531066895,young,child,5
6.0964436531066895,young,child,10
6.099527835845947,girl,niece,3
6.100696563720703,edge,part,4
6.1027727127075195,now,head,2
6.103529930114746,see,notice,8
6.103693008422852,leave,full,2
6.103954315185547,remain,be,3
6.10507345199585,few,young,5
6.1061506271362305,mason,carpenter,6
6.106409072875977,mistake,blame,6
6.1079206466674805,imitate,learn,11
6.108623027801514,oil,petroleum,7
6.109164714813232,big,long,17
6.109459400177002,accuse,blame,59
6.109550476074219,pull,cut,3
6.11024284362793,or,where,2
6.110398769378662,side,beside,20
6.110918998718262,look,day,3
6.112257957458496,cause,no,2
6.113204002380371,cease,halt,2
6.115211009979248,harvest,autumn,4
6.115296363830566,learn,own,3
6.115530014038086,who,month,2
6.117332458496094,give,sit,2
6.118369102478027,take,cut,2
6.1184587478637695,call,we,2
6.120476722717285,song,music,6
6.121572971343994,give,night,2
6.122169017791748,size,amount,4
6.122442722320557,get,six,2
6.1264448165893555,buy,ask,4
6.126770496368408,get,close,2
6.126954555511475,give,our,4
6.127829551696777,who,in,4
6.128882884979248,in,at,62
6.129397392272949,know,teach,4
6.129605293273926,cooked,cook,22
6.130198001861572,arrive,get,19
6.130544662475586,daughter-in-law,parents-in-law,2
6.130544662475586,daughter-in-law,parents-in-law,3
6.13296365737915,seem,emerge,16
6.1331658363342285,leave,speak,2
6.135568618774414,turn,gather,2
6.136019706726074,spear,sword,7
6.136399745941162,push,fight,2
6.138237953186035,turn,shake,2
6.1383585929870605,grief,pity,6
6.140198707580566,family,home,2
6.143233776092529,long,wide,4
6.144792556762695,go,drive,40
6.144885063171387,say,word,14
6.148037433624268,pine,oak,2
6.149438858032227,walk,get,3
6.14961051940918,pain,anxiety,3
6.149844169616699,your,me,2
6.149893283843994,feel,pity,2
6.151427745819092,mother-in-law,parents-in-law,2
6.151427745819092,mother-in-law,parents-in-law,2
6.153064250946045,turn,spin,2
6.1537275314331055,brother-in-law,sister,2
6.153768062591553,change,answer,6
6.154367446899414,wool,cotton,3
6.155013084411621,strong,powerful,35
6.155405044555664,teach,explain,20
6.155679702758789,ask,order,2
6.15790319442749,drive,move,6
6.15790319442749,move,drive,4
6.158098220825195,iron,steel,55
6.1584577560424805,chimney,fireplace,14
6.159785270690918,get,cut,4
6.159835338592529,happen,succeed,3
6.16015625,fall,jump,2
6.160713195800781,poor,bad,2
6.1618242263793945,get,earn,14
6.162595272064209,throw,shoot,49
6.16420841217041,we,my,2
6.165172100067139,five,not,2
6.165630340576172,good,people,2
6.16657018661499,mouth,nose,2
6.167545795440674,my,their,6
6.167740345001221,where,face,2
6.167977333068848,wet,damp,16
6.168558120727539,know,or,2
6.1686625480651855,pray,bless,2
6.1688151359558105,candle,lamp,2
6.1692070960998535,shout,shriek,39
6.169642448425293,if,inside,2
6.170384883880615,throw,give,2
6.1707763671875,enter,carry,2
6.1707892417907715,sit,do,3
6.171030521392822,sell,market,2
6.175313472747803,place,country,15
6.175649642944336,work,business,11
6.175732612609863,inside,through,3
6.176183700561523,because,father,2
6.1789960861206055,join,meet,5
6.179929733276367,eight,night,3
6.181089401245117,hold,seem,3
6.182365417480469,give,outside,2
6.183817386627197,take,buy,61
6.183847427368164,name,not,3
6.183944225311279,small,short,25
6.1840128898620605,touch,try,3
6.1849541664123535,smell,taste,3
6.1849541664123535,taste,smell,5
6.185183525085449,carry,say,2
6.185862064361572,say,pull,2
6.1860270500183105,follow,full,2
6.1872076988220215,sit,hear,4
6.187331199645996,stretch,pull,77
6.188263416290283,look,read,5
6.1906938552856445,bring,drive,4
6.190722942352295,hide,steal,5
6.190722942352295,steal,hide,16
6.191309452056885,leave,hear,2
6.1920881271362305,deaf,mute,6
6.192225456237793,seize,destroy,2
6.1927618980407715,arrive,only,2
6.193051338195801,doubt,suspect,27
6.194220066070557,leave,carry,2
6.194529056549072,which,yes,2
6.195470809936523,say,read,3
6.1961565017700195,pay,buy,12
6.196462154388428,yolk,egg,4
6.196627140045166,baby,boy,19
6.196796417236328,need,correct,2
6.197388648986816,give,i,8
6.197425365447998,gather,join,25
6.197474956512451,certain,yes,3
6.198322296142578,turn,mix,4
6.199787139892578,speak,do,2
6.200498580932617,change,try,2
6.200846195220947,hard,strong,14
6.200860500335693,grandson,descendants,5
6.202125549316406,food,eat,31
6.202291011810303,thief,steal,15
6.2026824951171875,country,end,2
6.2026824951171875,country,end,2
6.203508377075195,person,they,4
6.204863548278809,manner,how,2
6.205604553222656,cry,shriek,5
6.207486629486084,come,lead,4
6.2077531814575195,work,build,6
6.208854675292969,carry,choose,3
6.208876609802246,come,shoot,5
6.209055423736572,try,catch,2
6.209651947021484,clear,correct,3
6.209948539733887,want,intention,36
6.2102789878845215,full,say,2
6.211015701293945,push,diminish,2
6.2141828536987305,hand,five,57
6.217177867889404,go,buy,2
6.217645168304443,hear,feel,11
6.217645168304443,hear,feel,23
6.217700004577637,breath,breathe,5
6.2178521156311035,what,name,4
6.218543529510498,promise,announce,2
6.220188617706299,come,your,2
6.220919132232666,pull,set,2
6.221614360809326,i,be,5
6.221935749053955,wife,family,4
6.222898483276367,take,seize,65
6.2233123779296875,bring,catch,4
6.224183082580566,rise,climb,70
6.224366664886475,blue,green,195
6.225828647613525,word,message,4
6.226552963256836,bed,sleep,2
6.22715950012207,run,give,3
6.227352142333984,time,age,39
6.227673053741455,speech,message,2
6.228933811187744,talk,chat,23
6.229288578033447,show,tell,3
6.230767250061035,aunt,brother,3
6.231070041656494,go,lead,4
6.231307506561279,what,their,8
6.23246431350708,come,father,2
6.234498977661133,cut,saw,5
6.234981536865234,penis,vagina,3
6.235701084136963,walk,ride,6
6.2358622550964355,hunger,thirst,4
6.235952377319336,sit,speak,2
6.235982894897461,join,say,2
6.2365336418151855,cause,say,2
6.236801624298096,feel,learn,13
6.236887454986572,son,child,6
6.236887454986572,son,child,27
6.236887454986572,son,child,31
6.238365650177002,admit,promise,6
6.238560676574707,rough,difficult,2
6.2388434410095215,place,area,28
6.239856243133545,move,lift,2
6.241988658905029,push,in,2
6.24246072769165,cost,cut,5
6.242626190185547,believe,witness,2
6.243314266204834,enter,put,3
6.24367094039917,bring,buy,5
6.244171142578125,danger,mistake,2
6.245057106018066,soldier,army,40
6.246049880981445,above,up,12
6.2466206550598145,and,brother,3
6.247016429901123,leave,surrender,2
6.247241497039795,stand,do,5
6.24738883972168,rise,grow,15
6.247629165649414,cattle,cow,62
6.2487688064575195,lift,take,14
6.249957084655762,red,white,4
6.249998092651367,early,often,4
6.250058650970459,sink,disappear,2
6.250638484954834,man,old,2
6.250638484954834,old,man,2
6.251194477081299,this,she,2
6.252209663391113,happy,healthy,3
6.252683639526367,push,drag,4
6.253047943115234,blue,black,12
6.254227638244629,work,worker,2
6.254317283630371,cover,hide,4
6.254317283630371,cover,hide,12
6.254608154296875,keep,catch,3
6.255028247833252,stand,last,6
6.2557291984558105,love,mother,2
6.2577900886535645,immediately,often,2
6.257867336273193,grief,regret,15
6.259398460388184,person,far,3
6.260514259338379,true,right,6
6.261839866638184,put,cause,3
6.262395858764648,pay,sell,11
6.262560844421387,nephew,boy,3
6.262874126434326,push,touch,2
6.263184070587158,sit,chair,4
6.265289783477783,get,shoot,2
6.265368461608887,want,day,2
6.266665935516357,pupil,teacher,6
6.267491340637207,bring,seize,3
6.268206596374512,shoot,pull,12
6.268874168395996,wrong,no,2
6.269032955169678,say,accuse,2
6.269986152648926,seize,steal,3
6.270240783691406,eat,feed,2
6.27112340927124,inside,after,2
6.271425247192383,hear,do,2
6.271585464477539,flock,herd,2
6.271692752838135,grain,maize,5
6.272650241851807,piece,slice,18
6.273116111755371,carry,build,2
6.273918628692627,pair,twice,2
6.274011135101318,many,full,15
6.27522087097168,full,seven,2
6.27617073059082,loud,shout,3
6.276578903198242,cut,break,2
6.276578903198242,cut,break,4
6.276578903198242,cut,break,5
6.276578903198242,cut,break,5
6.278445720672607,load,weight,14
6.278532028198242,give,separate,5
6.279437065124512,which,you,2
6.281190395355225,pointed,face,2
6.284196853637695,enter,send,2
6.284553050994873,call,invite,34
6.2849531173706055,person,child,3
6.2849531173706055,person,child,5
6.285348892211914,voice,tone,24
6.285623073577881,change,become,3
6.28564453125,husband,man,185
6.286255836486816,good,beautiful,96
6.286768913269043,blow,come,5
6.287161350250244,hand,key,3
6.28745174407959,enter,set,13
6.28790283203125,many,bad,2
6.289405822753906,break,split,7
6.289477348327637,see,choose,2
6.290576457977295,place,world,6
6.291353702545166,helmet,headgear,9
6.291370868682861,read,think,2
6.292035102844238,mother,own,3
6.29328727722168,shoulder,arm,9
6.2935004234313965,bad,weak,3
6.293948173522949,become,happen,29
6.294500827789307,butter,cheese,3
6.297019958496094,defend,prevent,3
6.297459125518799,hard,solid,24
6.29749059677124,grain,harvest,8
6.2976508140563965,behind,end,2
6.297883987426758,push,do,2
6.298571586608887,arrive,know,2
6.299312114715576,go,fly,2
6.299523830413818,fall,know,2
6.3015360832214355,size,height,5
6.301600456237793,pull,drag,61
6.302156925201416,see,set,2
6.302396774291992,remain,wait,4
6.302464008331299,lake,pond,6
6.302734851837158,have,remain,3
6.30422306060791,go,eat,2
6.304555416107178,house,home,70
6.304687023162842,push,stick,2
6.304976940155029,take,inside,2
6.305051326751709,second,monday,2
6.305248260498047,niece,child,2
6.305248260498047,niece,child,4
6.30530309677124,tell,convey,6
6.305540561676025,battle,war,8
6.305586814880371,fast,hard,2
6.306725978851318,defend,preserve,33
6.308033466339111,pull,squeeze,3
6.308228969573975,look,eye,4
6.3083977699279785,emerge,succeed,3
6.308685302734375,give,name,2
6.308996677398682,turn,roll,20
6.311575412750244,follow,imitate,7
6.311578273773193,what,correct,2
6.311624050140381,midday,day,7
6.312307357788086,send,say,3
6.312462329864502,prisoner,prison,15
6.312731742858887,bathe,wash,7
6.312731742858887,bathe,wash,153
6.313555717468262,disturb,bother,14
6.314365863800049,carry,send,7
6.314478874206543,pain,painful,4
6.314627170562744,shirt,dress,35
6.314693450927734,red,purple,2
6.3148193359375,tortoise,turtle,15
6.315371513366699,wine,grape,7
6.3154497146606445,hard,rough,26
6.315572261810303,explain,announce,8
6.315647602081299,country,world,29
6.316079616546631,darkness,night,31
